mtllib ruins_parts.mtl
o Rubble_Pile
usemtl concrete
v -0.05022 0.09580 0.13925
v -0.02283 0.02878 0.21339
v -0.00228 0.25890 0.26898
vt 0.04874 0.03353
vt 0.07469 0.01007
vt 0.09414 0.09061
vn -0.9380 0.0000 0.3466
f 1/1/1 2/2/1 3/3/1
v 0.10874 0.25890 0.22795
v -0.05022 0.09580 0.13925
v -0.00228 0.25890 0.26898
vt 0.03806 0.09061
vt -0.01758 0.03353
vt -0.00080 0.09061
vn -0.2644 0.6468 -0.7154
f 4/4/2 5/5/2 6/6/2
v -0.00228 0.25890 0.26898
v -0.02283 0.02878 0.21339
v 0.02511 0.19187 0.34312
vt 0.09414 0.09061
vt 0.07469 0.01007
vt 0.12009 0.06716
vn -0.9380 0.0000 0.3466
f 7/7/3 8/8/3 9/9/3
v 0.02511 0.19187 0.34312
v 0.10874 0.25890 0.22795
v -0.00228 0.25890 0.26898
vt 0.00879 0.12009
vt 0.03806 0.07978
vt -0.00080 0.09414
vn 0.2242 0.7627 0.6067
f 10/10/4 11/11/4 12/12/4
v -0.05022 0.09580 0.13925
v 0.08820 0.02878 0.17236
v -0.02283 0.02878 0.21339
vt -0.01758 0.04874
vt 0.03087 0.06033
vt -0.00799 0.07469
vn -0.2242 -0.7627 -0.6067
f 13/13/5 14/14/5 15/15/5
v 0.06080 0.09580 0.09822
v -0.05022 0.09580 0.13925
v 0.10874 0.25890 0.22795
vt 0.02128 0.03353
vt -0.01758 0.03353
vt 0.03806 0.09061
vn -0.2644 0.6468 -0.7154
f 16/16/6 17/17/6 18/18/6
v 0.06080 0.09580 0.09822
v 0.08820 0.02878 0.17236
v -0.05022 0.09580 0.13925
vt 0.02128 0.03438
vt 0.03087 0.06033
vt -0.01758 0.04874
vn -0.2242 -0.7627 -0.6067
f 19/19/7 20/20/7 21/21/7
v -0.02283 0.02878 0.21339
v 0.08820 0.02878 0.17236
v 0.02511 0.19187 0.34312
vt -0.00799 0.01007
vt 0.03087 0.01007
vt 0.00879 0.06716
vn 0.2644 -0.6468 0.7154
f 22/22/8 23/23/8 24/24/8
v 0.13614 0.19187 0.30209
v 0.10874 0.25890 0.22795
v 0.02511 0.19187 0.34312
vt 0.04765 0.10573
vt 0.03806 0.07978
vt 0.00879 0.12009
vn 0.2242 0.7627 0.6067
f 25/25/9 26/26/9 27/27/9
v 0.02511 0.19187 0.34312
v 0.08820 0.02878 0.17236
v 0.13614 0.19187 0.30209
vt 0.00879 0.06716
vt 0.03087 0.01007
vt 0.04765 0.06716
vn 0.2644 -0.6468 0.7154
f 28/28/10 29/29/10 30/30/10
v 0.13614 0.19187 0.30209
v 0.06080 0.09580 0.09822
v 0.10874 0.25890 0.22795
vt 0.10573 0.06716
vt 0.03438 0.03353
vt 0.07978 0.09061
vn 0.9380 0.0000 -0.3466
f 31/31/11 32/32/11 33/33/11
v 0.08820 0.02878 0.17236
v 0.06080 0.09580 0.09822
v 0.13614 0.19187 0.30209
vt 0.06033 0.01007
vt 0.03438 0.03353
vt 0.10573 0.06716
vn 0.9380 0.0000 -0.3466
f 34/34/12 35/35/12 36/36/12
v -0.31348 0.15100 -0.51991
v -0.28432 0.09606 -0.44955
v -0.28926 0.23870 -0.46146
vt -0.18197 0.05285
vt -0.15734 0.03362
vt -0.16151 0.08355
vn -0.9238 0.0000 0.3829
f 37/37/13 38/38/13 39/39/13
v -0.15843 0.23870 -0.51569
v -0.31348 0.15100 -0.51991
v -0.28926 0.23870 -0.46146
vt -0.05545 0.08355
vt -0.10972 0.05285
vt -0.10124 0.08355
vn -0.3105 0.5850 -0.7492
f 40/40/14 41/41/14 42/42/14
v -0.28926 0.23870 -0.46146
v -0.28432 0.09606 -0.44955
v -0.26010 0.18377 -0.39111
vt -0.16151 0.08355
vt -0.15734 0.03362
vt -0.13689 0.06432
vn -0.9238 0.0000 0.3829
f 43/43/15 44/44/15 45/45/15
v -0.26010 0.18377 -0.39111
v -0.15843 0.23870 -0.51569
v -0.28926 0.23870 -0.46146
vt -0.09104 -0.13689
vt -0.05545 -0.18049
vt -0.10124 -0.16151
vn 0.2240 0.8110 0.5404
f 46/46/16 47/47/16 48/48/16
v -0.31348 0.15100 -0.51991
v -0.15349 0.09606 -0.50378
v -0.28432 0.09606 -0.44955
vt -0.10972 -0.18197
vt -0.05372 -0.17632
vt -0.09951 -0.15734
vn -0.2240 -0.8110 -0.5404
f 49/49/17 50/50/17 51/51/17
v -0.18265 0.15100 -0.57413
v -0.31348 0.15100 -0.51991
v -0.15843 0.23870 -0.51569
vt -0.06393 0.05285
vt -0.10972 0.05285
vt -0.05545 0.08355
vn -0.3105 0.5850 -0.7492
f 52/52/18 53/53/18 54/54/18
v -0.18265 0.15100 -0.57413
v -0.15349 0.09606 -0.50378
v -0.31348 0.15100 -0.51991
vt -0.06393 -0.20095
vt -0.05372 -0.17632
vt -0.10972 -0.18197
vn -0.2240 -0.8110 -0.5404
f 55/55/19 56/56/19 57/57/19
v -0.28432 0.09606 -0.44955
v -0.15349 0.09606 -0.50378
v -0.26010 0.18377 -0.39111
vt -0.09951 0.03362
vt -0.05372 0.03362
vt -0.09104 0.06432
vn 0.3105 -0.5850 0.7492
f 58/58/20 59/59/20 60/60/20
v -0.12927 0.18377 -0.44533
v -0.15843 0.23870 -0.51569
v -0.26010 0.18377 -0.39111
vt -0.04524 -0.15587
vt -0.05545 -0.18049
vt -0.09104 -0.13689
vn 0.2240 0.8110 0.5404
f 61/61/21 62/62/21 63/63/21
v -0.26010 0.18377 -0.39111
v -0.15349 0.09606 -0.50378
v -0.12927 0.18377 -0.44533
vt -0.09104 0.06432
vt -0.05372 0.03362
vt -0.04524 0.06432
vn 0.3105 -0.5850 0.7492
f 64/64/22 65/65/22 66/66/22
v -0.12927 0.18377 -0.44533
v -0.18265 0.15100 -0.57413
v -0.15843 0.23870 -0.51569
vt -0.15587 0.06432
vt -0.20095 0.05285
vt -0.18049 0.08355
vn 0.9238 0.0000 -0.3829
f 67/67/23 68/68/23 69/69/23
v -0.15349 0.09606 -0.50378
v -0.18265 0.15100 -0.57413
v -0.12927 0.18377 -0.44533
vt -0.17632 0.03362
vt -0.20095 0.05285
vt -0.15587 0.06432
vn 0.9238 0.0000 -0.3829
f 70/70/24 71/71/24 72/72/24
v -1.09829 0.04665 0.79476
v -1.22651 0.11715 0.73769
v -1.08294 0.03039 0.62477
vt -0.38440 0.27816
vt -0.42928 0.25819
vt -0.37903 0.21867
vn -0.4945 -0.8683 0.0384
f 73/73/25 74/74/25 75/75/25
v -1.09829 0.04665 0.79476
v -1.08294 0.03039 0.62477
v -0.91625 0.04665 0.66143
vt -0.38440 0.27816
vt -0.37903 0.21867
vt -0.32069 0.23150
vn 0.0744 -0.9920 0.1016
f 76/76/26 77/77/26 78/78/26
v -1.09829 0.04665 0.79476
v -0.91625 0.04665 0.66143
v -0.95680 0.14345 0.79701
vt -0.38440 0.27816
vt -0.32069 0.23150
vt -0.33488 0.27895
vn 0.4430 -0.6617 0.6049
f 79/79/27 80/80/27 81/81/27
v -1.09829 0.04665 0.79476
v -0.95680 0.14345 0.79701
v -1.14855 0.18702 0.84413
vt -0.38440 0.01633
vt -0.33488 0.05021
vt -0.40199 0.06546
vn 0.1710 -0.2719 0.9470
f 82/82/28 83/83/28 84/84/28
v -1.09829 0.04665 0.79476
v -1.14855 0.18702 0.84413
v -1.22651 0.11715 0.73769
vt -0.38440 0.01633
vt -0.40199 0.06546
vt -0.42928 0.04100
vn -0.5570 -0.4459 0.7006
f 85/85/29 86/86/29 87/87/29
v -0.91625 0.04665 0.66143
v -1.08294 0.03039 0.62477
v -0.93197 0.11715 0.52197
vt -0.32069 0.23150
vt -0.37903 0.21867
vt -0.32619 0.18269
vn 0.1858 -0.8683 -0.4599
f 88/88/30 89/89/30 90/90/30
v -1.08294 0.03039 0.62477
v -1.22651 0.11715 0.73769
v -1.12372 0.16072 0.56909
vt 0.21867 0.01064
vt 0.25819 0.04100
vt 0.19918 0.05625
vn -0.7039 -0.4537 -0.5465
f 91/91/31 92/92/31 93/93/31
v -1.22651 0.11715 0.73769
v -1.14855 0.18702 0.84413
v -1.16426 0.25752 0.70467
vt 0.25819 0.04100
vt 0.29545 0.06546
vt 0.24663 0.09013
vn -0.8361 0.4459 0.3196
f 94/94/32 95/95/32 96/96/32
v -1.14855 0.18702 0.84413
v -0.95680 0.14345 0.79701
v -0.99757 0.27377 0.74133
vt -0.40199 0.06546
vt -0.33488 0.05021
vt -0.34915 0.09582
vn 0.3086 0.4537 0.8360
f 97/97/33 98/98/33 99/99/33
v -0.95680 0.14345 0.79701
v -0.91625 0.04665 0.66143
v -0.85400 0.18702 0.62842
vt 0.27895 0.05021
vt 0.23150 0.01633
vt 0.21995 0.06546
vn 0.8513 -0.2719 0.4488
f 100/100/34 101/101/34 102/102/34
v -0.98223 0.25752 0.57135
v -0.93197 0.11715 0.52197
v -1.12372 0.16072 0.56909
vt -0.34378 0.09013
vt -0.32619 0.04100
vt -0.39330 0.05625
vn -0.1710 0.2719 -0.9470
f 103/103/35 104/104/35 105/105/35
v -0.98223 0.25752 0.57135
v -1.12372 0.16072 0.56909
v -1.16426 0.25752 0.70467
vt -0.34378 0.19997
vt -0.39330 0.19918
vt -0.40749 0.24663
vn -0.4430 0.6617 -0.6049
f 106/106/36 107/107/36 108/108/36
v -0.98223 0.25752 0.57135
v -1.16426 0.25752 0.70467
v -0.99757 0.27377 0.74133
vt -0.34378 0.19997
vt -0.40749 0.24663
vt -0.34915 0.25947
vn -0.0744 0.9920 -0.1016
f 109/109/37 110/110/37 111/111/37
v -0.98223 0.25752 0.57135
v -0.99757 0.27377 0.74133
v -0.85400 0.18702 0.62842
vt -0.34378 0.19997
vt -0.34915 0.25947
vt -0.29890 0.21995
vn 0.4945 0.8683 -0.0384
f 112/112/38 113/113/38 114/114/38
v -0.98223 0.25752 0.57135
v -0.85400 0.18702 0.62842
v -0.93197 0.11715 0.52197
vt -0.34378 0.09013
vt -0.29890 0.06546
vt -0.32619 0.04100
vn 0.5570 0.4459 -0.7006
f 115/115/39 116/116/39 117/117/39
v -1.12372 0.16072 0.56909
v -0.93197 0.11715 0.52197
v -1.08294 0.03039 0.62477
vt -0.39330 0.05625
vt -0.32619 0.04100
vt -0.37903 0.01064
vn -0.3086 -0.4537 -0.8360
f 118/118/40 119/119/40 120/120/40
v -1.16426 0.25752 0.70467
v -1.12372 0.16072 0.56909
v -1.22651 0.11715 0.73769
vt 0.24663 0.09013
vt 0.19918 0.05625
vt 0.25819 0.04100
vn -0.8513 0.2719 -0.4488
f 121/121/41 122/122/41 123/123/41
v -0.99757 0.27377 0.74133
v -1.16426 0.25752 0.70467
v -1.14855 0.18702 0.84413
vt -0.34915 0.25947
vt -0.40749 0.24663
vt -0.40199 0.29545
vn -0.1858 0.8683 0.4599
f 124/124/42 125/125/42 126/126/42
v -0.85400 0.18702 0.62842
v -0.99757 0.27377 0.74133
v -0.95680 0.14345 0.79701
vt 0.21995 0.06546
vt 0.25947 0.09582
vt 0.27895 0.05021
vn 0.7039 0.4537 0.5465
f 127/127/43 128/128/43 129/129/43
v -0.93197 0.11715 0.52197
v -0.85400 0.18702 0.62842
v -0.91625 0.04665 0.66143
vt 0.18269 0.04100
vt 0.21995 0.06546
vt 0.23150 0.01633
vn 0.8361 -0.4459 -0.3196
f 130/130/44 131/131/44 132/132/44
v 0.37466 0.55082 0.22336
v 0.28850 0.25118 0.28031
v 0.58915 0.19619 0.19216
vt 0.13113 0.19279
vt 0.10098 0.08791
vt 0.20620 0.06867
vn 0.2961 0.0955 0.9504
f 133/133/45 134/134/45 135/135/45
v 0.37466 0.55082 0.22336
v 0.58915 0.19619 0.19216
v 0.57557 0.55082 -0.02416
vt 0.07818 0.19279
vt 0.06726 0.06867
vt -0.00846 0.19279
vn 0.7173 0.3826 0.5823
f 136/136/46 137/137/46 138/138/46
v 0.37466 0.55082 0.22336
v 0.57557 0.55082 -0.02416
v 0.26654 0.82499 -0.06970
vt 0.13113 0.07818
vt 0.20145 -0.00846
vt 0.09329 -0.02439
vn 0.5546 0.6999 0.4501
f 139/139/47 140/140/47 141/141/47
v 0.37466 0.55082 0.22336
v 0.26654 0.82499 -0.06970
v 0.08912 0.63980 0.11848
vt 0.13113 0.07818
vt 0.09329 -0.02439
vt 0.03119 0.04147
vn -0.0269 0.7250 0.6882
f 142/142/48 143/143/48 144/144/48
v 0.37466 0.55082 0.22336
v 0.08912 0.63980 0.11848
v 0.28850 0.25118 0.28031
vt 0.13113 0.19279
vt 0.03119 0.22393
vt 0.10098 0.08791
vn -0.2633 0.2527 0.9311
f 145/145/49 146/146/49 147/147/49
v 0.57557 0.55082 -0.02416
v 0.58915 0.19619 0.19216
v 0.61358 0.25118 -0.12018
vt -0.00846 0.19279
vt 0.06726 0.06867
vt -0.04206 0.08791
vn 0.9910 0.0955 0.0943
f 148/148/50 149/149/50 150/150/50
v 0.58915 0.19619 0.19216
v 0.28850 0.25118 0.28031
v 0.43617 0.06599 0.06799
vt 0.20620 0.06726
vt 0.10098 0.09811
vt 0.15266 0.02380
vn 0.0667 -0.7285 0.6818
f 151/151/51 152/152/51 153/153/51
v 0.28850 0.25118 0.28031
v 0.08912 0.63980 0.11848
v 0.12713 0.34016 0.02245
vt 0.09811 0.08791
vt 0.04147 0.22393
vt 0.00786 0.11906
vn -0.8570 -0.2527 0.4491
f 154/154/52 155/155/52 156/156/52
v 0.08912 0.63980 0.11848
v 0.26654 0.82499 -0.06970
v 0.11355 0.69479 -0.19387
vt 0.03119 0.04147
vt 0.09329 -0.02439
vt 0.03974 -0.06785
vn -0.6809 0.7285 0.0750
f 157/157/53 158/158/53 159/159/53
v 0.26654 0.82499 -0.06970
v 0.57557 0.55082 -0.02416
v 0.41420 0.63980 -0.28202
vt 0.09329 -0.02439
vt 0.20145 -0.00846
vt 0.14497 -0.09871
vn 0.6680 0.7250 -0.1678
f 160/160/54 161/161/54 162/162/54
v 0.32804 0.34016 -0.22507
v 0.61358 0.25118 -0.12018
v 0.43617 0.06599 0.06799
vt 0.11481 -0.07877
vt 0.21475 -0.04206
vt 0.15266 0.02380
vn 0.0269 -0.7250 -0.6882
f 163/163/55 164/164/55 165/165/55
v 0.32804 0.34016 -0.22507
v 0.43617 0.06599 0.06799
v 0.12713 0.34016 0.02245
vt 0.11481 -0.07877
vt 0.15266 0.02380
vt 0.04450 0.00786
vn -0.5546 -0.6999 -0.4501
f 166/166/56 167/167/56 168/168/56
v 0.32804 0.34016 -0.22507
v 0.12713 0.34016 0.02245
v 0.11355 0.69479 -0.19387
vt -0.07877 0.11906
vt 0.00786 0.11906
vt -0.06785 0.24318
vn -0.7173 -0.3826 -0.5823
f 169/169/57 170/170/57 171/171/57
v 0.32804 0.34016 -0.22507
v 0.11355 0.69479 -0.19387
v 0.41420 0.63980 -0.28202
vt 0.11481 0.11906
vt 0.03974 0.24318
vt 0.14497 0.22393
vn -0.2961 -0.0955 -0.9504
f 172/172/58 173/173/58 174/174/58
v 0.32804 0.34016 -0.22507
v 0.41420 0.63980 -0.28202
v 0.61358 0.25118 -0.12018
vt 0.11481 0.11906
vt 0.14497 0.22393
vt 0.21475 0.08791
vn 0.2633 -0.2527 -0.9311
f 175/175/59 176/176/59 177/177/59
v 0.43617 0.06599 0.06799
v 0.61358 0.25118 -0.12018
v 0.58915 0.19619 0.19216
vt 0.15266 0.02380
vt 0.21475 -0.04206
vt 0.20620 0.06726
vn 0.6809 -0.7285 -0.0750
f 178/178/60 179/179/60 180/180/60
v 0.12713 0.34016 0.02245
v 0.43617 0.06599 0.06799
v 0.28850 0.25118 0.28031
vt 0.04450 0.00786
vt 0.15266 0.02380
vt 0.10098 0.09811
vn -0.6680 -0.7250 0.1678
f 181/181/61 182/182/61 183/183/61
v 0.11355 0.69479 -0.19387
v 0.12713 0.34016 0.02245
v 0.08912 0.63980 0.11848
vt -0.06785 0.24318
vt 0.00786 0.11906
vt 0.04147 0.22393
vn -0.9910 -0.0955 -0.0943
f 184/184/62 185/185/62 186/186/62
v 0.41420 0.63980 -0.28202
v 0.11355 0.69479 -0.19387
v 0.26654 0.82499 -0.06970
vt 0.14497 -0.09871
vt 0.03974 -0.06785
vt 0.09329 -0.02439
vn -0.0667 0.7285 -0.6818
f 187/187/63 188/188/63 189/189/63
v 0.61358 0.25118 -0.12018
v 0.41420 0.63980 -0.28202
v 0.57557 0.55082 -0.02416
vt -0.04206 0.08791
vt -0.09871 0.22393
vt -0.00846 0.19279
vn 0.8570 0.2527 -0.4491
f 190/190/64 191/191/64 192/192/64
v 0.56582 0.32139 -0.46015
v 0.44812 0.12529 -0.36361
v 0.52336 0.02674 -0.58046
vt -0.16105 0.11249
vt -0.12726 0.04385
vt -0.20316 0.00936
vn 0.8514 -0.2987 0.4312
f 193/193/65 194/194/65 195/195/65
v 0.56582 0.32139 -0.46015
v 0.52336 0.02674 -0.58046
v 0.52763 0.32139 -0.70797
vt -0.16105 0.11249
vt -0.20316 0.00936
vt -0.24779 0.11249
vn 0.9852 -0.0800 -0.1518
f 196/196/66 197/197/66 198/198/66
v 0.56582 0.32139 -0.46015
v 0.52763 0.32139 -0.70797
v 0.45502 0.60206 -0.56993
vt -0.16105 0.11249
vt -0.24779 0.11249
vt -0.19947 0.21072
vn 0.9384 0.3139 -0.1446
f 199/199/67 200/200/67 201/201/67
v 0.56582 0.32139 -0.46015
v 0.45502 0.60206 -0.56993
v 0.40588 0.48086 -0.35710
vt -0.16105 0.11249
vt -0.19947 0.21072
vt -0.12499 0.16830
vn 0.7596 0.4741 0.4454
f 202/202/68 203/203/68 204/204/68
v 0.56582 0.32139 -0.46015
v 0.40588 0.48086 -0.35710
v 0.44812 0.12529 -0.36361
vt 0.19804 0.11249
vt 0.14206 0.16830
vt 0.15684 0.04385
vn 0.5782 0.0538 0.8142
f 205/205/69 206/206/69 207/207/69
v 0.52763 0.32139 -0.70797
v 0.52336 0.02674 -0.58046
v 0.38632 0.12529 -0.76459
vt -0.24779 0.11249
vt -0.20316 0.00936
vt -0.26761 0.04385
vn 0.6820 -0.2987 -0.6675
f 208/208/70 209/209/70 210/210/70
v 0.52336 0.02674 -0.58046
v 0.44812 0.12529 -0.36361
v 0.33717 0.00409 -0.55177
vt 0.18318 -0.20316
vt 0.15684 -0.12726
vt 0.11801 -0.19312
vn 0.1765 -0.8716 0.4574
f 211/211/71 212/212/71 213/213/71
v 0.44812 0.12529 -0.36361
v 0.40588 0.48086 -0.35710
v 0.26456 0.28475 -0.41372
vt 0.15684 0.04385
vt 0.14206 0.16830
vt 0.09260 0.09966
vn -0.3062 -0.0538 0.9505
f 214/214/72 215/215/72 216/216/72
v 0.40588 0.48086 -0.35710
v 0.45502 0.60206 -0.56993
v 0.26883 0.57941 -0.54123
vt 0.14206 -0.12499
vt 0.15926 -0.19947
vt 0.09409 -0.18943
vn -0.0306 0.8716 0.4893
f 217/217/73 218/218/73 219/219/73
v 0.45502 0.60206 -0.56993
v 0.52763 0.32139 -0.70797
v 0.34408 0.48086 -0.75808
vt 0.15926 0.21072
vt 0.18467 0.11249
vt 0.12043 0.16830
vn 0.5902 0.4741 -0.6534
f 220/220/74 221/221/74 222/222/74
v 0.22637 0.28475 -0.66154
v 0.38632 0.12529 -0.76459
v 0.33717 0.00409 -0.55177
vt -0.23154 0.09966
vt -0.26761 0.04385
vt -0.19312 0.00143
vn -0.7596 -0.4741 -0.4454
f 223/223/75 224/224/75 225/225/75
v 0.22637 0.28475 -0.66154
v 0.33717 0.00409 -0.55177
v 0.26456 0.28475 -0.41372
vt -0.23154 0.09966
vt -0.19312 0.00143
vt -0.14480 0.09966
vn -0.9384 -0.3139 0.1446
f 226/226/76 227/227/76 228/228/76
v 0.22637 0.28475 -0.66154
v 0.26456 0.28475 -0.41372
v 0.26883 0.57941 -0.54123
vt -0.23154 0.09966
vt -0.14480 0.09966
vt -0.18943 0.20279
vn -0.9852 0.0800 0.1518
f 229/229/77 230/230/77 231/231/77
v 0.22637 0.28475 -0.66154
v 0.26883 0.57941 -0.54123
v 0.34408 0.48086 -0.75808
vt -0.23154 0.09966
vt -0.18943 0.20279
vt -0.26533 0.16830
vn -0.8514 0.2987 -0.4312
f 232/232/78 233/233/78 234/234/78
v 0.22637 0.28475 -0.66154
v 0.34408 0.48086 -0.75808
v 0.38632 0.12529 -0.76459
vt 0.07923 0.09966
vt 0.12043 0.16830
vt 0.13521 0.04385
vn -0.5782 -0.0538 -0.8142
f 235/235/79 236/236/79 237/237/79
v 0.33717 0.00409 -0.55177
v 0.38632 0.12529 -0.76459
v 0.52336 0.02674 -0.58046
vt 0.11801 -0.19312
vt 0.13521 -0.26761
vt 0.18318 -0.20316
vn 0.0306 -0.8716 -0.4893
f 238/238/80 239/239/80 240/240/80
v 0.26456 0.28475 -0.41372
v 0.33717 0.00409 -0.55177
v 0.44812 0.12529 -0.36361
vt 0.09260 0.09966
vt 0.11801 0.00143
vt 0.15684 0.04385
vn -0.5902 -0.4741 0.6534
f 241/241/81 242/242/81 243/243/81
v 0.26883 0.57941 -0.54123
v 0.26456 0.28475 -0.41372
v 0.40588 0.48086 -0.35710
vt -0.18943 0.20279
vt -0.14480 0.09966
vt -0.12499 0.16830
vn -0.6820 0.2987 0.6675
f 244/244/82 245/245/82 246/246/82
v 0.34408 0.48086 -0.75808
v 0.26883 0.57941 -0.54123
v 0.45502 0.60206 -0.56993
vt 0.12043 -0.26533
vt 0.09409 -0.18943
vt 0.15926 -0.19947
vn -0.1765 0.8716 -0.4574
f 247/247/83 248/248/83 249/249/83
v 0.38632 0.12529 -0.76459
v 0.34408 0.48086 -0.75808
v 0.52763 0.32139 -0.70797
vt 0.13521 0.04385
vt 0.12043 0.16830
vt 0.18467 0.11249
vn 0.3062 0.0538 -0.9505
f 250/250/84 251/251/84 252/252/84
v 1.13025 0.19673 -0.68447
v 1.16245 0.02226 -0.63636
v 1.32885 0.31521 -0.38771
vt -0.23956 0.06885
vt -0.22272 0.00779
vt -0.13570 0.11032
vn -0.8311 0.0000 0.5562
f 253/253/85 254/254/85 255/255/85
v 1.55345 0.31521 -0.53802
v 1.13025 0.19673 -0.68447
v 1.32885 0.31521 -0.38771
vt 0.54371 -0.18831
vt 0.39559 -0.23956
vt 0.46510 -0.13570
vn -0.1752 0.9491 -0.2617
f 256/256/86 257/257/86 258/258/86
v 1.32885 0.31521 -0.38771
v 1.16245 0.02226 -0.63636
v 1.36104 0.14074 -0.33960
vt -0.13570 0.11032
vt -0.22272 0.00779
vt -0.11886 0.04926
vn -0.8311 0.0000 0.5562
f 259/259/87 260/260/87 261/261/87
v 1.36104 0.14074 -0.33960
v 1.55345 0.31521 -0.53802
v 1.32885 0.31521 -0.38771
vt 0.47637 0.04926
vt 0.54371 0.11032
vt 0.46510 0.11032
vn 0.5279 0.3149 0.7888
f 262/262/88 263/263/88 264/264/88
v 1.13025 0.19673 -0.68447
v 1.38705 0.02226 -0.78666
v 1.16245 0.02226 -0.63636
vt 0.39559 0.06885
vt 0.48547 0.00779
vt 0.40686 0.00779
vn -0.5279 -0.3149 -0.7888
f 265/265/89 266/266/89 267/267/89
v 1.35485 0.19673 -0.83477
v 1.13025 0.19673 -0.68447
v 1.55345 0.31521 -0.53802
vt 0.47420 -0.29217
vt 0.39559 -0.23956
vt 0.54371 -0.18831
vn -0.1752 0.9491 -0.2617
f 268/268/90 269/269/90 270/270/90
v 1.35485 0.19673 -0.83477
v 1.38705 0.02226 -0.78666
v 1.13025 0.19673 -0.68447
vt 0.47420 0.06885
vt 0.48547 0.00779
vt 0.39559 0.06885
vn -0.5279 -0.3149 -0.7888
f 271/271/91 272/272/91 273/273/91
v 1.16245 0.02226 -0.63636
v 1.38705 0.02226 -0.78666
v 1.36104 0.14074 -0.33960
vt 0.40686 -0.22272
vt 0.48547 -0.27533
vt 0.47637 -0.11886
vn 0.1752 -0.9491 0.2617
f 274/274/92 275/275/92 276/276/92
v 1.58564 0.14074 -0.48991
v 1.55345 0.31521 -0.53802
v 1.36104 0.14074 -0.33960
vt 0.55497 0.04926
vt 0.54371 0.11032
vt 0.47637 0.04926
vn 0.5279 0.3149 0.7888
f 277/277/93 278/278/93 279/279/93
v 1.36104 0.14074 -0.33960
v 1.38705 0.02226 -0.78666
v 1.58564 0.14074 -0.48991
vt 0.47637 -0.11886
vt 0.48547 -0.27533
vt 0.55497 -0.17147
vn 0.1752 -0.9491 0.2617
f 280/280/94 281/281/94 282/282/94
v 1.58564 0.14074 -0.48991
v 1.35485 0.19673 -0.83477
v 1.55345 0.31521 -0.53802
vt -0.17147 0.04926
vt -0.29217 0.06885
vt -0.18831 0.11032
vn 0.8311 0.0000 -0.5562
f 283/283/95 284/284/95 285/285/95
v 1.38705 0.02226 -0.78666
v 1.35485 0.19673 -0.83477
v 1.58564 0.14074 -0.48991
vt -0.27533 0.00779
vt -0.29217 0.06885
vt -0.17147 0.04926
vn 0.8311 0.0000 -0.5562
f 286/286/96 287/287/96 288/288/96
v 0.55031 0.09063 -1.05762
v 0.45960 0.09511 -1.11400
v 0.53050 0.03973 -1.13783
vt 0.19261 -0.37017
vt 0.16086 -0.38990
vt 0.18568 -0.39824
vn -0.3846 -0.7335 0.5604
f 289/289/97 290/290/97 291/291/97
v 0.55031 0.09063 -1.05762
v 0.53050 0.03973 -1.13783
v 0.61012 0.09063 -1.11572
vt 0.19261 -0.37017
vt 0.18568 -0.39824
vt 0.21354 -0.39050
vn 0.4047 -0.8140 0.4166
f 292/292/98 293/293/98 294/294/98
v 0.55031 0.09063 -1.05762
v 0.61012 0.09063 -1.11572
v 0.58842 0.17747 -1.07822
vt 0.19261 0.03172
vt 0.21354 0.03172
vt 0.20595 0.06211
vn 0.6905 -0.1344 0.7107
f 295/295/99 296/296/99 297/297/99
v 0.55031 0.09063 -1.05762
v 0.58842 0.17747 -1.07822
v 0.49540 0.18023 -1.07716
vt 0.19261 0.03172
vt 0.20595 0.06211
vt 0.17339 0.06308
vn 0.0178 0.2234 0.9746
f 298/298/100 299/299/100 300/300/100
v 0.55031 0.09063 -1.05762
v 0.49540 0.18023 -1.07716
v 0.45960 0.09511 -1.11400
vt 0.19261 0.03172
vt 0.17339 0.06308
vt 0.16086 0.03329
vn -0.5277 -0.1407 0.8377
f 301/301/101 302/302/101 303/303/101
v 0.61012 0.09063 -1.11572
v 0.53050 0.03973 -1.13783
v 0.55638 0.09511 -1.20802
vt 0.21354 -0.39050
vt 0.18568 -0.39824
vt 0.19473 -0.42281
vn 0.5712 -0.7335 -0.3682
f 304/304/102 305/305/102 306/306/102
v 0.53050 0.03973 -1.13783
v 0.45960 0.09511 -1.11400
v 0.46336 0.09788 -1.20695
vt 0.18568 -0.39824
vt 0.16086 -0.38990
vt 0.16217 -0.42243
vn -0.6249 -0.7792 -0.0485
f 307/307/103 308/308/103 309/309/103
v 0.45960 0.09511 -1.11400
v 0.49540 0.18023 -1.07716
v 0.44166 0.18472 -1.16945
vt -0.38990 0.03329
vt -0.37700 0.06308
vt -0.40931 0.06465
vn -0.8526 0.1407 0.5033
f 310/310/104 311/311/104 312/312/104
v 0.49540 0.18023 -1.07716
v 0.58842 0.17747 -1.07822
v 0.52127 0.23561 -1.14734
vt 0.17339 -0.37700
vt 0.20595 -0.37738
vt 0.18244 -0.40157
vn 0.0304 0.7792 0.6260
f 313/313/105 314/314/105 315/315/105
v 0.58842 0.17747 -1.07822
v 0.61012 0.09063 -1.11572
v 0.59217 0.18023 -1.17117
vt -0.37738 0.06211
vt -0.39050 0.03172
vt -0.40991 0.06308
vn 0.9736 0.2234 0.0460
f 316/316/106 317/317/106 318/318/106
v 0.50147 0.18472 -1.22756
v 0.55638 0.09511 -1.20802
v 0.46336 0.09788 -1.20695
vt 0.17551 0.06465
vt 0.19473 0.03329
vt 0.16217 0.03426
vn -0.0178 -0.2234 -0.9746
f 319/319/107 320/320/107 321/321/107
v 0.50147 0.18472 -1.22756
v 0.46336 0.09788 -1.20695
v 0.44166 0.18472 -1.16945
vt 0.17551 0.06465
vt 0.16217 0.03426
vt 0.15458 0.06465
vn -0.6905 0.1344 -0.7107
f 322/322/108 323/323/108 324/324/108
v 0.50147 0.18472 -1.22756
v 0.44166 0.18472 -1.16945
v 0.52127 0.23561 -1.14734
vt 0.17551 -0.42964
vt 0.15458 -0.40931
vt 0.18244 -0.40157
vn -0.4047 0.8140 -0.4166
f 325/325/109 326/326/109 327/327/109
v 0.50147 0.18472 -1.22756
v 0.52127 0.23561 -1.14734
v 0.59217 0.18023 -1.17117
vt 0.17551 -0.42964
vt 0.18244 -0.40157
vt 0.20726 -0.40991
vn 0.3846 0.7335 -0.5604
f 328/328/110 329/329/110 330/330/110
v 0.50147 0.18472 -1.22756
v 0.59217 0.18023 -1.17117
v 0.55638 0.09511 -1.20802
vt 0.17551 0.06465
vt 0.20726 0.06308
vt 0.19473 0.03329
vn 0.5277 0.1407 -0.8377
f 331/331/111 332/332/111 333/333/111
v 0.46336 0.09788 -1.20695
v 0.55638 0.09511 -1.20802
v 0.53050 0.03973 -1.13783
vt 0.16217 -0.42243
vt 0.19473 -0.42281
vt 0.18568 -0.39824
vn -0.0304 -0.7792 -0.6260
f 334/334/112 335/335/112 336/336/112
v 0.44166 0.18472 -1.16945
v 0.46336 0.09788 -1.20695
v 0.45960 0.09511 -1.11400
vt -0.40931 0.06465
vt -0.42243 0.03426
vt -0.38990 0.03329
vn -0.9736 -0.2234 -0.0460
f 337/337/113 338/338/113 339/339/113
v 0.52127 0.23561 -1.14734
v 0.44166 0.18472 -1.16945
v 0.49540 0.18023 -1.07716
vt 0.18244 -0.40157
vt 0.15458 -0.40931
vt 0.17339 -0.37700
vn -0.5712 0.7335 0.3682
f 340/340/114 341/341/114 342/342/114
v 0.59217 0.18023 -1.17117
v 0.52127 0.23561 -1.14734
v 0.58842 0.17747 -1.07822
vt 0.20726 -0.40991
vt 0.18244 -0.40157
vt 0.20595 -0.37738
vn 0.6249 0.7792 0.0485
f 343/343/115 344/344/115 345/345/115
v 0.55638 0.09511 -1.20802
v 0.59217 0.18023 -1.17117
v 0.61012 0.09063 -1.11572
vt -0.42281 0.03329
vt -0.40991 0.06308
vt -0.39050 0.03172
vn 0.8526 -0.1407 -0.5033
f 346/346/116 347/347/116 348/348/116
v -0.12648 0.09742 1.32527
v -0.31616 0.13099 1.44929
v -0.39627 0.00000 1.28552
vt -0.04427 0.46384
vt -0.11065 0.50725
vt -0.13869 0.44993
vn 0.2126 -0.8112 0.5448
f 349/349/117 350/350/117 351/351/117
v -0.12648 0.09742 1.32527
v -0.39627 0.00000 1.28552
v -0.18604 0.09742 1.11183
vt -0.04427 0.46384
vt -0.13869 0.44993
vt -0.06511 0.38914
vn 0.3507 -0.9314 -0.0979
f 352/352/118 353/353/118 354/354/118
v -0.12648 0.09742 1.32527
v -0.18604 0.09742 1.11183
v 0.02400 0.28861 1.16825
vt -0.04427 0.46384
vt -0.06511 0.38914
vt 0.00840 0.40889
vn 0.6883 -0.6995 -0.1921
f 355/355/119 356/356/119 357/357/119
v -0.12648 0.09742 1.32527
v 0.02400 0.28861 1.16825
v -0.05642 0.30936 1.37681
vt 0.46384 0.03410
vt 0.40889 0.10101
vt 0.48188 0.10827
vn 0.8534 -0.3711 0.3660
f 358/358/120 359/359/120 360/360/120
v -0.12648 0.09742 1.32527
v -0.05642 0.30936 1.37681
v -0.31616 0.13099 1.44929
vt -0.04427 0.03410
vt -0.01975 0.10827
vt -0.11065 0.04584
vn 0.4678 -0.3518 0.8108
f 361/361/121 362/362/121 363/363/121
v -0.18604 0.09742 1.11183
v -0.39627 0.00000 1.28552
v -0.41252 0.13099 1.10393
vt -0.06511 0.38914
vt -0.13869 0.44993
vt -0.14438 0.38638
vn -0.1001 -0.8112 -0.5762
f 364/364/122 365/365/122 366/366/122
v -0.39627 0.00000 1.28552
v -0.31616 0.13099 1.44929
v -0.49294 0.15173 1.31249
vt -0.13869 0.00000
vt -0.11065 0.04584
vt -0.17253 0.05311
vn -0.5709 -0.4819 0.6647
f 367/367/123 368/368/123 369/369/123
v -0.31616 0.13099 1.44929
v -0.05642 0.30936 1.37681
v -0.28290 0.34292 1.36892
vt -0.11065 0.04584
vt -0.01975 0.10827
vt -0.09902 0.12002
vn 0.0195 0.3518 0.9359
f 370/370/124 371/371/124 372/372/124
v -0.05642 0.30936 1.37681
v 0.02400 0.28861 1.16825
v -0.07268 0.44034 1.19523
vt 0.48188 0.10827
vt 0.40889 0.10101
vt 0.41833 0.15412
vn 0.8326 0.4819 0.2731
f 373/373/125 374/374/125 375/375/125
v 0.02400 0.28861 1.16825
v -0.18604 0.09742 1.11183
v -0.15279 0.30936 1.03146
vt 0.00840 0.10101
vt -0.06511 0.03410
vt -0.05347 0.10827
vn 0.5406 -0.3711 -0.7550
f 376/376/126 377/377/126 378/378/126
v -0.34246 0.34292 1.15547
v -0.41252 0.13099 1.10393
v -0.49294 0.15173 1.31249
vt 0.40442 0.12002
vt 0.38638 0.04584
vt 0.45937 0.05311
vn -0.8534 0.3711 -0.3660
f 379/379/127 380/380/127 381/381/127
v -0.34246 0.34292 1.15547
v -0.49294 0.15173 1.31249
v -0.28290 0.34292 1.36892
vt -0.11986 0.40442
vt -0.17253 0.45937
vt -0.09902 0.47912
vn -0.6883 0.6995 0.1921
f 382/382/128 383/383/128 384/384/128
v -0.34246 0.34292 1.15547
v -0.28290 0.34292 1.36892
v -0.07268 0.44034 1.19523
vt -0.11986 0.40442
vt -0.09902 0.47912
vt -0.02544 0.41833
vn -0.3507 0.9314 0.0979
f 385/385/129 386/386/129 387/387/129
v -0.34246 0.34292 1.15547
v -0.07268 0.44034 1.19523
v -0.15279 0.30936 1.03146
vt -0.11986 0.40442
vt -0.02544 0.41833
vt -0.05347 0.36101
vn -0.2126 0.8112 -0.5448
f 388/388/130 389/389/130 390/390/130
v -0.34246 0.34292 1.15547
v -0.15279 0.30936 1.03146
v -0.41252 0.13099 1.10393
vt -0.11986 0.12002
vt -0.05347 0.10827
vt -0.14438 0.04584
vn -0.4678 0.3518 -0.8108
f 391/391/131 392/392/131 393/393/131
v -0.49294 0.15173 1.31249
v -0.41252 0.13099 1.10393
v -0.39627 0.00000 1.28552
vt 0.45937 0.05311
vt 0.38638 0.04584
vt 0.44993 0.00000
vn -0.8326 -0.4819 -0.2731
f 394/394/132 395/395/132 396/396/132
v -0.28290 0.34292 1.36892
v -0.49294 0.15173 1.31249
v -0.31616 0.13099 1.44929
vt -0.09902 0.12002
vt -0.17253 0.05311
vt -0.11065 0.04584
vn -0.5406 0.3711 0.7550
f 397/397/133 398/398/133 399/399/133
v -0.07268 0.44034 1.19523
v -0.28290 0.34292 1.36892
v -0.05642 0.30936 1.37681
vt -0.02544 0.41833
vt -0.09902 0.47912
vt -0.01975 0.48188
vn 0.1001 0.8112 0.5762
f 400/400/134 401/401/134 402/402/134
v -0.15279 0.30936 1.03146
v -0.07268 0.44034 1.19523
v 0.02400 0.28861 1.16825
vt -0.05347 0.10827
vt -0.02544 0.15412
vt 0.00840 0.10101
vn 0.5709 0.4819 -0.6647
f 403/403/135 404/404/135 405/405/135
v -0.41252 0.13099 1.10393
v -0.15279 0.30936 1.03146
v -0.18604 0.09742 1.11183
vt -0.14438 0.04584
vt -0.05347 0.10827
vt -0.06511 0.03410
vn -0.0195 -0.3518 -0.9359
f 406/406/136 407/407/136 408/408/136
v 0.66067 0.25795 0.51429
v 0.63590 0.16642 0.56957
v 0.67322 0.14866 0.42890
vt 0.18000 0.09028
vt 0.19935 0.05825
vt 0.15012 0.05203
vn 0.9587 -0.0984 0.2667
f 409/409/137 410/410/137 411/411/137
v 0.66067 0.25795 0.51429
v 0.67322 0.14866 0.42890
v 0.63666 0.25795 0.35072
vt 0.18000 0.09028
vt 0.15012 0.05203
vt 0.12275 0.09028
vn 0.9648 0.2214 -0.1416
f 412/412/138 413/413/138 414/414/138
v 0.66067 0.25795 0.51429
v 0.63666 0.25795 0.35072
v 0.57676 0.34325 0.44306
vt 0.18000 0.09028
vt 0.12275 0.09028
vt 0.15507 0.12014
vn 0.7531 0.6485 -0.1105
f 415/415/139 416/416/139 417/417/139
v 0.66067 0.25795 0.51429
v 0.57676 0.34325 0.44306
v 0.57629 0.28669 0.57831
vt 0.23123 0.18000
vt 0.20187 0.15507
vt 0.20170 0.20241
vn 0.5196 0.7876 0.3312
f 418/418/140 419/419/140 420/420/140
v 0.66067 0.25795 0.51429
v 0.57629 0.28669 0.57831
v 0.63590 0.16642 0.56957
vt 0.23123 0.09028
vt 0.20170 0.10034
vt 0.22257 0.05825
vn 0.6384 0.2639 0.7230
f 421/421/141 422/422/141 423/423/141
v 0.63666 0.25795 0.35072
v 0.67322 0.14866 0.42890
v 0.59706 0.16642 0.30489
vt 0.12275 0.09028
vt 0.15012 0.05203
vt 0.10671 0.05825
vn 0.8417 -0.0984 -0.5310
f 424/424/142 425/425/142 426/426/142
v 0.67322 0.14866 0.42890
v 0.63590 0.16642 0.56957
v 0.59659 0.10986 0.44015
vt 0.23563 0.15012
vt 0.22257 0.19935
vt 0.20881 0.15405
vn 0.4663 -0.8538 0.2315
f 427/427/143 428/428/143 429/429/143
v 0.63590 0.16642 0.56957
v 0.57629 0.28669 0.57831
v 0.53668 0.19517 0.53249
vt 0.22257 0.05825
vt 0.20170 0.10034
vt 0.18784 0.06831
vn -0.4038 -0.2639 0.8760
f 430/430/144 431/431/144 432/432/144
v 0.57629 0.28669 0.57831
v 0.57676 0.34325 0.44306
v 0.50013 0.30445 0.45430
vt 0.20170 0.20241
vt 0.20187 0.15507
vt 0.17505 0.15901
vn -0.3801 0.8538 0.3557
f 433/433/145 434/434/145 435/435/145
v 0.57676 0.34325 0.44306
v 0.63666 0.25795 0.35072
v 0.53745 0.28669 0.31364
vt 0.20187 0.15507
vt 0.22283 0.12275
vt 0.18811 0.10977
vn 0.4025 0.7876 -0.4665
f 436/436/146 437/437/146 438/438/146
v 0.51268 0.19517 0.36891
v 0.59706 0.16642 0.30489
v 0.59659 0.10986 0.44015
vt 0.17944 0.12912
vt 0.20897 0.10671
vt 0.20881 0.15405
vn -0.5196 -0.7876 -0.3312
f 439/439/147 440/440/147 441/441/147
v 0.51268 0.19517 0.36891
v 0.59659 0.10986 0.44015
v 0.53668 0.19517 0.53249
vt 0.12912 0.06831
vt 0.15405 0.03845
vt 0.18637 0.06831
vn -0.7531 -0.6485 0.1105
f 442/442/148 443/443/148 444/444/148
v 0.51268 0.19517 0.36891
v 0.53668 0.19517 0.53249
v 0.50013 0.30445 0.45430
vt 0.12912 0.06831
vt 0.18637 0.06831
vt 0.15901 0.10656
vn -0.9648 -0.2214 0.1416
f 445/445/149 446/446/149 447/447/149
v 0.51268 0.19517 0.36891
v 0.50013 0.30445 0.45430
v 0.53745 0.28669 0.31364
vt 0.12912 0.06831
vt 0.15901 0.10656
vt 0.10977 0.10034
vn -0.9587 0.0984 -0.2667
f 448/448/150 449/449/150 450/450/150
v 0.51268 0.19517 0.36891
v 0.53745 0.28669 0.31364
v 0.59706 0.16642 0.30489
vt 0.17944 0.06831
vt 0.18811 0.10034
vt 0.20897 0.05825
vn -0.6384 -0.2639 -0.7230
f 451/451/151 452/452/151 453/453/151
v 0.59659 0.10986 0.44015
v 0.59706 0.16642 0.30489
v 0.67322 0.14866 0.42890
vt 0.20881 0.15405
vt 0.20897 0.10671
vt 0.23563 0.15012
vn 0.3801 -0.8538 -0.3557
f 454/454/152 455/455/152 456/456/152
v 0.53668 0.19517 0.53249
v 0.59659 0.10986 0.44015
v 0.63590 0.16642 0.56957
vt 0.18784 0.18637
vt 0.20881 0.15405
vt 0.22257 0.19935
vn -0.4025 -0.7876 0.4665
f 457/457/153 458/458/153 459/459/153
v 0.50013 0.30445 0.45430
v 0.53668 0.19517 0.53249
v 0.57629 0.28669 0.57831
vt 0.15901 0.10656
vt 0.18637 0.06831
vt 0.20241 0.10034
vn -0.8417 0.0984 0.5310
f 460/460/154 461/461/154 462/462/154
v 0.53745 0.28669 0.31364
v 0.50013 0.30445 0.45430
v 0.57676 0.34325 0.44306
vt 0.18811 0.10977
vt 0.17505 0.15901
vt 0.20187 0.15507
vn -0.4663 0.8538 -0.2315
f 463/463/155 464/464/155 465/465/155
v 0.59706 0.16642 0.30489
v 0.53745 0.28669 0.31364
v 0.63666 0.25795 0.35072
vt 0.20897 0.05825
vt 0.18811 0.10034
vt 0.22283 0.09028
vn 0.4038 0.2639 -0.8760
f 466/466/156 467/467/156 468/468/156
v 0.90759 0.06030 -0.70441
v 0.90877 0.26824 -0.68248
v 0.89634 0.08243 -0.91364
vt -0.24655 0.02111
vt -0.23887 0.09388
vt -0.31977 0.02885
vn -0.9986 0.0000 0.0537
f 469/469/157 470/470/157 471/471/157
v 1.20836 0.08243 -0.93040
v 0.90759 0.06030 -0.70441
v 0.89634 0.08243 -0.91364
vt 0.42293 -0.32564
vt 0.31766 -0.24655
vt 0.31372 -0.31977
vn -0.0056 -0.9945 -0.1049
f 472/472/158 473/473/158 474/474/158
v 0.89634 0.08243 -0.91364
v 0.90877 0.26824 -0.68248
v 0.89752 0.29038 -0.89170
vt -0.31977 0.02885
vt -0.23887 0.09388
vt -0.31210 0.10163
vn -0.9986 0.0000 0.0537
f 475/475/159 476/476/159 477/477/159
v 0.89752 0.29038 -0.89170
v 1.20836 0.08243 -0.93040
v 0.89634 0.08243 -0.91364
vt 0.31413 0.10163
vt 0.42293 0.02885
vt 0.31372 0.02885
vn -0.0534 0.1050 -0.9930
f 478/478/160 479/479/160 480/480/160
v 0.90759 0.06030 -0.70441
v 1.22078 0.26824 -0.69925
v 0.90877 0.26824 -0.68248
vt 0.31766 0.02111
vt 0.42727 0.09388
vt 0.31807 0.09388
vn 0.0534 -0.1050 0.9930
f 481/481/161 482/482/161 483/483/161
v 1.21960 0.06030 -0.72118
v 0.90759 0.06030 -0.70441
v 1.20836 0.08243 -0.93040
vt 0.42686 -0.25241
vt 0.31766 -0.24655
vt 0.42293 -0.32564
vn -0.0056 -0.9945 -0.1049
f 484/484/162 485/485/162 486/486/162
v 1.21960 0.06030 -0.72118
v 1.22078 0.26824 -0.69925
v 0.90759 0.06030 -0.70441
vt 0.42686 0.02111
vt 0.42727 0.09388
vt 0.31766 0.02111
vn 0.0534 -0.1050 0.9930
f 487/487/163 488/488/163 489/489/163
v 0.90877 0.26824 -0.68248
v 1.22078 0.26824 -0.69925
v 0.89752 0.29038 -0.89170
vt 0.31807 -0.23887
vt 0.42727 -0.24474
vt 0.31413 -0.31210
vn 0.0056 0.9945 0.1049
f 490/490/164 491/491/164 492/492/164
v 1.20954 0.29038 -0.90847
v 1.20836 0.08243 -0.93040
v 0.89752 0.29038 -0.89170
vt 0.42334 0.10163
vt 0.42293 0.02885
vt 0.31413 0.10163
vn -0.0534 0.1050 -0.9930
f 493/493/165 494/494/165 495/495/165
v 0.89752 0.29038 -0.89170
v 1.22078 0.26824 -0.69925
v 1.20954 0.29038 -0.90847
vt 0.31413 -0.31210
vt 0.42727 -0.24474
vt 0.42334 -0.31796
vn 0.0056 0.9945 0.1049
f 496/496/166 497/497/166 498/498/166
v 1.20954 0.29038 -0.90847
v 1.21960 0.06030 -0.72118
v 1.20836 0.08243 -0.93040
vt -0.31796 0.10163
vt -0.25241 0.02111
vt -0.32564 0.02885
vn 0.9986 0.0000 -0.0537
f 499/499/167 500/500/167 501/501/167
v 1.22078 0.26824 -0.69925
v 1.21960 0.06030 -0.72118
v 1.20954 0.29038 -0.90847
vt -0.24474 0.09388
vt -0.25241 0.02111
vt -0.31796 0.10163
vn 0.9986 0.0000 -0.0537
f 502/502/168 503/503/168 504/504/168
v -1.29381 0.03800 -0.45708
v -1.41246 0.20812 -0.58494
v -1.20382 0.08083 -0.69427
vt -0.45283 -0.15998
vt -0.49436 -0.20473
vt -0.42134 -0.24299
vn -0.6161 -0.7005 -0.3602
f 505/505/169 506/506/169 507/507/169
v -1.29381 0.03800 -0.45708
v -1.20382 0.08083 -0.69427
v -1.01934 0.03800 -0.52013
vt -0.45283 -0.15998
vt -0.42134 -0.24299
vt -0.35677 -0.18204
vn -0.0445 -0.9800 -0.1939
f 508/508/170 509/509/170 510/510/170
v -1.29381 0.03800 -0.45708
v -1.01934 0.03800 -0.52013
v -1.11398 0.13882 -0.30317
vt -0.45283 -0.15998
vt -0.35677 -0.18204
vt -0.38989 -0.10611
vn 0.1048 -0.8836 0.4563
f 511/511/171 512/512/171 513/513/171
v -1.29381 0.03800 -0.45708
v -1.11398 0.13882 -0.30317
v -1.35694 0.24396 -0.34323
vt -0.45283 0.01330
vt -0.38989 0.04859
vt -0.47493 0.08539
vn -0.3572 -0.5334 0.7668
f 514/514/172 515/515/172 516/516/172
v -1.29381 0.03800 -0.45708
v -1.35694 0.24396 -0.34323
v -1.41246 0.20812 -0.58494
vt -0.15998 0.01330
vt -0.12013 0.08539
vt -0.20473 0.07284
vn -0.8728 -0.4121 0.2616
f 517/517/173 518/518/173 519/519/173
v -1.01934 0.03800 -0.52013
v -1.20382 0.08083 -0.69427
v -0.96837 0.20812 -0.68695
vt -0.35677 -0.18204
vt -0.42134 -0.24299
vt -0.33893 -0.24043
vn 0.3971 -0.7005 -0.5930
f 520/520/174 521/521/174 522/522/174
v -1.20382 0.08083 -0.69427
v -1.41246 0.20812 -0.58494
v -1.21134 0.31326 -0.72700
vt -0.42134 0.02829
vt -0.49436 0.07284
vt -0.42397 0.10964
vn -0.5234 -0.1354 -0.8412
f 523/523/175 524/524/175 525/525/175
v -1.41246 0.20812 -0.58494
v -1.35694 0.24396 -0.34323
v -1.30597 0.41408 -0.51005
vt -0.20473 0.07284
vt -0.12013 0.08539
vt -0.17852 0.14493
vn -0.8994 0.4121 0.1455
f 526/526/176 527/527/176 528/528/176
v -1.35694 0.24396 -0.34323
v -1.11398 0.13882 -0.30317
v -1.12150 0.37125 -0.33591
vt -0.47493 0.08539
vt -0.38989 0.04859
vt -0.39252 0.12994
vn -0.1038 0.1354 0.9853
f 529/529/177 530/530/177 531/531/177
v -1.11398 0.13882 -0.30317
v -1.01934 0.03800 -0.52013
v -0.91285 0.24396 -0.44524
vt -0.10611 0.04859
vt -0.18204 0.01330
vt -0.15583 0.08539
vn 0.6560 -0.5334 0.5340
f 532/532/178 533/533/178 534/534/178
v -1.03151 0.41408 -0.57310
v -0.96837 0.20812 -0.68695
v -1.21134 0.31326 -0.72700
vt -0.36103 0.14493
vt -0.33893 0.07284
vt -0.42397 0.10964
vn 0.3572 0.5334 -0.7668
f 535/535/179 536/536/179 537/537/179
v -1.03151 0.41408 -0.57310
v -1.21134 0.31326 -0.72700
v -1.30597 0.41408 -0.51005
vt -0.36103 -0.20058
vt -0.42397 -0.25445
vt -0.45709 -0.17852
vn -0.1048 0.8836 -0.4563
f 538/538/180 539/539/180 540/540/180
v -1.03151 0.41408 -0.57310
v -1.30597 0.41408 -0.51005
v -1.12150 0.37125 -0.33591
vt -0.36103 -0.20058
vt -0.45709 -0.17852
vt -0.39252 -0.11757
vn 0.0445 0.9800 0.1939
f 541/541/181 542/542/181 543/543/181
v -1.03151 0.41408 -0.57310
v -1.12150 0.37125 -0.33591
v -0.91285 0.24396 -0.44524
vt -0.36103 -0.20058
vt -0.39252 -0.11757
vt -0.31950 -0.15583
vn 0.6161 0.7005 0.3602
f 544/544/182 545/545/182 546/546/182
v -1.03151 0.41408 -0.57310
v -0.91285 0.24396 -0.44524
v -0.96837 0.20812 -0.68695
vt -0.20058 0.14493
vt -0.15583 0.08539
vt -0.24043 0.07284
vn 0.8728 0.4121 -0.2616
f 547/547/183 548/548/183 549/549/183
v -1.21134 0.31326 -0.72700
v -0.96837 0.20812 -0.68695
v -1.20382 0.08083 -0.69427
vt -0.42397 0.10964
vt -0.33893 0.07284
vt -0.42134 0.02829
vn 0.1038 -0.1354 -0.9853
f 550/550/184 551/551/184 552/552/184
v -1.30597 0.41408 -0.51005
v -1.21134 0.31326 -0.72700
v -1.41246 0.20812 -0.58494
vt -0.17852 0.14493
vt -0.25445 0.10964
vt -0.20473 0.07284
vn -0.6560 0.5334 -0.5340
f 553/553/185 554/554/185 555/555/185
v -1.12150 0.37125 -0.33591
v -1.30597 0.41408 -0.51005
v -1.35694 0.24396 -0.34323
vt -0.39252 -0.11757
vt -0.45709 -0.17852
vt -0.47493 -0.12013
vn -0.3971 0.7005 0.5930
f 556/556/186 557/557/186 558/558/186
v -0.91285 0.24396 -0.44524
v -1.12150 0.37125 -0.33591
v -1.11398 0.13882 -0.30317
vt -0.31950 0.08539
vt -0.39252 0.12994
vt -0.38989 0.04859
vn 0.5234 0.1354 0.8412
f 559/559/187 560/560/187 561/561/187
v -0.96837 0.20812 -0.68695
v -0.91285 0.24396 -0.44524
v -1.01934 0.03800 -0.52013
vt -0.24043 0.07284
vt -0.15583 0.08539
vt -0.18204 0.01330
vn 0.8994 -0.4121 -0.1455
f 562/562/188 563/563/188 564/564/188
v 0.72803 0.20235 -0.56585
v 0.82781 0.07877 -0.77829
v 0.77995 0.43432 -0.67640
vt -0.19805 0.07082
vt -0.27240 0.02757
vt -0.23674 0.15201
vn 0.9051 0.0000 0.4251
f 565/565/189 566/566/189 567/567/189
v 0.46518 0.43432 -0.82423
v 0.72803 0.20235 -0.56585
v 0.77995 0.43432 -0.67640
vt 0.16281 0.15201
vt 0.25481 0.07082
vt 0.27298 0.15201
vn -0.3762 0.4659 0.8009
f 568/568/190 569/569/190 570/570/190
v 0.77995 0.43432 -0.67640
v 0.82781 0.07877 -0.77829
v 0.87973 0.31073 -0.88884
vt -0.23674 0.15201
vt -0.27240 0.02757
vt -0.31110 0.10876
vn 0.9051 0.0000 0.4251
f 571/571/191 572/572/191 573/573/191
v 0.87973 0.31073 -0.88884
v 0.46518 0.43432 -0.82423
v 0.77995 0.43432 -0.67640
vt 0.30790 -0.31110
vt 0.16281 -0.28848
vt 0.27298 -0.23674
vn 0.1981 0.8848 -0.4217
f 574/574/192 575/575/192 576/576/192
v 0.72803 0.20235 -0.56585
v 0.51304 0.07877 -0.92613
v 0.82781 0.07877 -0.77829
vt 0.25481 -0.19805
vt 0.17956 -0.32415
vt 0.28973 -0.27240
vn -0.1981 -0.8848 0.4217
f 577/577/193 578/578/193 579/579/193
v 0.41326 0.20235 -0.71368
v 0.72803 0.20235 -0.56585
v 0.46518 0.43432 -0.82423
vt 0.14464 0.07082
vt 0.25481 0.07082
vt 0.16281 0.15201
vn -0.3762 0.4659 0.8009
f 580/580/194 581/581/194 582/582/194
v 0.41326 0.20235 -0.71368
v 0.51304 0.07877 -0.92613
v 0.72803 0.20235 -0.56585
vt 0.14464 -0.24979
vt 0.17956 -0.32415
vt 0.25481 -0.19805
vn -0.1981 -0.8848 0.4217
f 583/583/195 584/584/195 585/585/195
v 0.82781 0.07877 -0.77829
v 0.51304 0.07877 -0.92613
v 0.87973 0.31073 -0.88884
vt 0.28973 0.02757
vt 0.17956 0.02757
vt 0.30790 0.10876
vn 0.3762 -0.4659 -0.8009
f 586/586/196 587/587/196 588/588/196
v 0.56496 0.31073 -1.03668
v 0.46518 0.43432 -0.82423
v 0.87973 0.31073 -0.88884
vt 0.19774 -0.36284
vt 0.16281 -0.28848
vt 0.30790 -0.31110
vn 0.1981 0.8848 -0.4217
f 589/589/197 590/590/197 591/591/197
v 0.87973 0.31073 -0.88884
v 0.51304 0.07877 -0.92613
v 0.56496 0.31073 -1.03668
vt 0.30790 0.10876
vt 0.17956 0.02757
vt 0.19774 0.10876
vn 0.3762 -0.4659 -0.8009
f 592/592/198 593/593/198 594/594/198
v 0.56496 0.31073 -1.03668
v 0.41326 0.20235 -0.71368
v 0.46518 0.43432 -0.82423
vt -0.36284 0.10876
vt -0.24979 0.07082
vt -0.28848 0.15201
vn -0.9051 0.0000 -0.4251
f 595/595/199 596/596/199 597/597/199
v 0.51304 0.07877 -0.92613
v 0.41326 0.20235 -0.71368
v 0.56496 0.31073 -1.03668
vt -0.32415 0.02757
vt -0.24979 0.07082
vt -0.36284 0.10876
vn -0.9051 0.0000 -0.4251
f 598/598/200 599/599/200 600/600/200
v -1.08221 0.05458 -1.38413
v -1.04390 0.01254 -1.22802
v -1.06615 0.31224 -1.31869
vt -0.48445 0.01910
vt -0.42981 0.00439
vt -0.46154 0.10928
vn -0.9712 0.0000 0.2383
f 601/601/201 602/602/201 603/603/201
v -0.80059 0.31224 -1.38385
v -1.08221 0.05458 -1.38413
v -1.06615 0.31224 -1.31869
vt -0.28021 0.10928
vt -0.37877 0.01910
vt -0.37315 0.10928
vn -0.2305 0.2530 -0.9396
f 604/604/202 605/605/202 606/606/202
v -1.06615 0.31224 -1.31869
v -1.04390 0.01254 -1.22802
v -1.02785 0.27020 -1.16258
vt -0.46154 0.10928
vt -0.42981 0.00439
vt -0.40690 0.09457
vn -0.9712 0.0000 0.2383
f 607/607/203 608/608/203 609/609/203
v -1.02785 0.27020 -1.16258
v -0.80059 0.31224 -1.38385
v -1.06615 0.31224 -1.31869
vt -0.35975 -0.40690
vt -0.28021 -0.48435
vt -0.37315 -0.46154
vn 0.0603 0.9675 0.2457
f 610/610/204 611/611/204 612/612/204
v -1.08221 0.05458 -1.38413
v -0.77835 0.01254 -1.29318
v -1.04390 0.01254 -1.22802
vt -0.37877 -0.48445
vt -0.27242 -0.45261
vt -0.36537 -0.42981
vn -0.0603 -0.9675 -0.2457
f 613/613/205 614/614/205 615/615/205
v -0.81665 0.05458 -1.44929
v -1.08221 0.05458 -1.38413
v -0.80059 0.31224 -1.38385
vt -0.28583 0.01910
vt -0.37877 0.01910
vt -0.28021 0.10928
vn -0.2305 0.2530 -0.9396
f 616/616/206 617/617/206 618/618/206
v -0.81665 0.05458 -1.44929
v -0.77835 0.01254 -1.29318
v -1.08221 0.05458 -1.38413
vt -0.28583 -0.50725
vt -0.27242 -0.45261
vt -0.37877 -0.48445
vn -0.0603 -0.9675 -0.2457
f 619/619/207 620/620/207 621/621/207
v -1.04390 0.01254 -1.22802
v -0.77835 0.01254 -1.29318
v -1.02785 0.27020 -1.16258
vt -0.36537 0.00439
vt -0.27242 0.00439
vt -0.35975 0.09457
vn 0.2305 -0.2530 0.9396
f 622/622/208 623/623/208 624/624/208
v -0.76229 0.27020 -1.22774
v -0.80059 0.31224 -1.38385
v -1.02785 0.27020 -1.16258
vt -0.26680 -0.42971
vt -0.28021 -0.48435
vt -0.35975 -0.40690
vn 0.0603 0.9675 0.2457
f 625/625/209 626/626/209 627/627/209
v -1.02785 0.27020 -1.16258
v -0.77835 0.01254 -1.29318
v -0.76229 0.27020 -1.22774
vt -0.35975 0.09457
vt -0.27242 0.00439
vt -0.26680 0.09457
vn 0.2305 -0.2530 0.9396
f 628/628/210 629/629/210 630/630/210
v -0.76229 0.27020 -1.22774
v -0.81665 0.05458 -1.44929
v -0.80059 0.31224 -1.38385
vt -0.42971 0.09457
vt -0.50725 0.01910
vt -0.48435 0.10928
vn 0.9712 0.0000 -0.2383
f 631/631/211 632/632/211 633/633/211
v -0.77835 0.01254 -1.29318
v -0.81665 0.05458 -1.44929
v -0.76229 0.27020 -1.22774
vt -0.45261 0.00439
vt -0.50725 0.01910
vt -0.42971 0.09457
vn 0.9712 0.0000 -0.2383
f 634/634/212 635/635/212 636/636/212
v -0.10649 0.25820 -0.42910
v -0.08473 0.13733 -0.34437
v -0.06814 0.36980 -0.27975
vt -0.15018 0.09037
vt -0.12053 0.04807
vt -0.09791 0.12943
vn -0.9686 0.0000 0.2487
f 637/637/213 638/638/213 639/639/213
v 0.15392 0.36980 -0.33677
v -0.10649 0.25820 -0.42910
v -0.06814 0.36980 -0.27975
vt 0.05387 -0.11787
vt -0.03727 -0.15018
vt -0.02385 -0.09791
vn -0.1458 0.8101 -0.5679
f 640/640/214 641/641/214 642/642/214
v -0.06814 0.36980 -0.27975
v -0.08473 0.13733 -0.34437
v -0.04638 0.24893 -0.19502
vt -0.09791 0.12943
vt -0.12053 0.04807
vt -0.06826 0.08712
vn -0.9686 0.0000 0.2487
f 643/643/215 644/644/215 645/645/215
v -0.04638 0.24893 -0.19502
v 0.15392 0.36980 -0.33677
v -0.06814 0.36980 -0.27975
vt -0.01623 0.08712
vt 0.05387 0.12943
vt -0.02385 0.12943
vn 0.2015 0.5863 0.7846
f 646/646/216 647/647/216 648/648/216
v -0.10649 0.25820 -0.42910
v 0.13732 0.13733 -0.40138
v -0.08473 0.13733 -0.34437
vt -0.03727 0.09037
vt 0.04806 0.04807
vt -0.02966 0.04807
vn -0.2015 -0.5863 -0.7846
f 649/649/217 650/650/217 651/651/217
v 0.11557 0.25820 -0.48612
v -0.10649 0.25820 -0.42910
v 0.15392 0.36980 -0.33677
vt 0.04045 -0.17014
vt -0.03727 -0.15018
vt 0.05387 -0.11787
vn -0.1458 0.8101 -0.5679
f 652/652/218 653/653/218 654/654/218
v 0.11557 0.25820 -0.48612
v 0.13732 0.13733 -0.40138
v -0.10649 0.25820 -0.42910
vt 0.04045 0.09037
vt 0.04806 0.04807
vt -0.03727 0.09037
vn -0.2015 -0.5863 -0.7846
f 655/655/219 656/656/219 657/657/219
v -0.08473 0.13733 -0.34437
v 0.13732 0.13733 -0.40138
v -0.04638 0.24893 -0.19502
vt -0.02966 -0.12053
vt 0.04806 -0.14048
vt -0.01623 -0.06826
vn 0.1458 -0.8101 0.5679
f 658/658/220 659/659/220 660/660/220
v 0.17567 0.24893 -0.25203
v 0.15392 0.36980 -0.33677
v -0.04638 0.24893 -0.19502
vt 0.06149 0.08712
vt 0.05387 0.12943
vt -0.01623 0.08712
vn 0.2015 0.5863 0.7846
f 661/661/221 662/662/221 663/663/221
v -0.04638 0.24893 -0.19502
v 0.13732 0.13733 -0.40138
v 0.17567 0.24893 -0.25203
vt -0.01623 -0.06826
vt 0.04806 -0.14048
vt 0.06149 -0.08821
vn 0.1458 -0.8101 0.5679
f 664/664/222 665/665/222 666/666/222
v 0.17567 0.24893 -0.25203
v 0.11557 0.25820 -0.48612
v 0.15392 0.36980 -0.33677
vt -0.08821 0.08712
vt -0.17014 0.09037
vt -0.11787 0.12943
vn 0.9686 0.0000 -0.2487
f 667/667/223 668/668/223 669/669/223
v 0.13732 0.13733 -0.40138
v 0.11557 0.25820 -0.48612
v 0.17567 0.24893 -0.25203
vt -0.14048 0.04807
vt -0.17014 0.09037
vt -0.08821 0.08712
vn 0.9686 0.0000 -0.2487
f 670/670/224 671/671/224 672/672/224
v 0.72113 0.11810 -0.01930
v 0.60193 0.17167 -0.06249
v 0.68751 0.09919 -0.18419
vt 0.25240 -0.00676
vt 0.21067 -0.02187
vt 0.24063 -0.06447
vn -0.4596 -0.8669 0.1931
f 673/673/225 674/674/225 675/675/225
v 0.72113 0.11810 -0.01930
v 0.68751 0.09919 -0.18419
v 0.85109 0.11810 -0.14468
vt 0.25240 -0.00676
vt 0.24063 -0.06447
vt 0.29788 -0.05064
vn 0.0916 -0.9913 0.0950
f 676/676/226 677/677/226 678/678/226
v 0.72113 0.11810 -0.01930
v 0.85109 0.11810 -0.14468
v 0.86660 0.20227 0.00143
vt 0.25240 -0.00676
vt 0.29788 -0.05064
vt 0.30331 0.00050
vn 0.4079 -0.8092 0.4228
f 679/679/227 680/680/227 681/681/227
v 0.72113 0.11810 -0.01930
v 0.86660 0.20227 0.00143
v 0.71261 0.23538 0.05223
vt 0.25240 0.04133
vt 0.30331 0.07079
vt 0.24941 0.08238
vn 0.1709 -0.5040 0.8466
f 682/682/228 683/683/228 684/684/228
v 0.72113 0.11810 -0.01930
v 0.71261 0.23538 0.05223
v 0.60193 0.17167 -0.06249
vt 0.25240 0.04133
vt 0.24941 0.08238
vt 0.21067 0.06008
vn -0.4817 -0.4816 0.7322
f 685/685/229 686/686/229 687/687/229
v 0.85109 0.11810 -0.14468
v 0.68751 0.09919 -0.18419
v 0.81220 0.17167 -0.26536
vt 0.29788 -0.05064
vt 0.24063 -0.06447
vt 0.28427 -0.09288
vn 0.2095 -0.8669 -0.4524
f 688/688/230 689/689/230 690/690/230
v 0.68751 0.09919 -0.18419
v 0.60193 0.17167 -0.06249
v 0.65821 0.20478 -0.21456
vt -0.06447 0.03472
vt -0.02187 0.06008
vt -0.07509 0.07167
vn -0.8517 -0.3488 -0.3912
f 691/691/231 692/692/231 693/693/231
v 0.60193 0.17167 -0.06249
v 0.71261 0.23538 0.05223
v 0.67372 0.28895 -0.06844
vt -0.02187 0.06008
vt 0.01828 0.08238
vt -0.02395 0.10113
vn -0.7489 0.4816 0.4551
f 694/694/232 695/695/232 696/696/232
v 0.71261 0.23538 0.05223
v 0.86660 0.20227 0.00143
v 0.83730 0.30786 -0.02894
vt 0.24941 0.08238
vt 0.30331 0.07079
vt 0.29305 0.10775
vn 0.3604 0.3488 0.8651
f 697/697/233 698/698/233 699/699/233
v 0.86660 0.20227 0.00143
v 0.85109 0.11810 -0.14468
v 0.92288 0.23538 -0.15064
vt 0.00050 0.07079
vt -0.05064 0.04133
vt -0.05272 0.08238
vn 0.8400 -0.5040 0.2011
f 700/700/234 701/701/234 702/702/234
v 0.80368 0.28895 -0.19382
v 0.81220 0.17167 -0.26536
v 0.65821 0.20478 -0.21456
vt 0.28129 0.10113
vt 0.28427 0.06008
vt 0.23037 0.07167
vn -0.1709 0.5040 -0.8466
f 703/703/235 704/704/235 705/705/235
v 0.80368 0.28895 -0.19382
v 0.65821 0.20478 -0.21456
v 0.67372 0.28895 -0.06844
vt 0.28129 -0.06784
vt 0.23037 -0.07509
vt 0.23580 -0.02395
vn -0.4079 0.8092 -0.4228
f 706/706/236 707/707/236 708/708/236
v 0.80368 0.28895 -0.19382
v 0.67372 0.28895 -0.06844
v 0.83730 0.30786 -0.02894
vt 0.28129 -0.06784
vt 0.23580 -0.02395
vt 0.29305 -0.01013
vn -0.0916 0.9913 -0.0950
f 709/709/237 710/710/237 711/711/237
v 0.80368 0.28895 -0.19382
v 0.83730 0.30786 -0.02894
v 0.92288 0.23538 -0.15064
vt 0.28129 -0.06784
vt 0.29305 -0.01013
vt 0.32301 -0.05272
vn 0.4596 0.8669 -0.1931
f 712/712/238 713/713/238 714/714/238
v 0.80368 0.28895 -0.19382
v 0.92288 0.23538 -0.15064
v 0.81220 0.17167 -0.26536
vt 0.28129 0.10113
vt 0.32301 0.08238
vt 0.28427 0.06008
vn 0.4817 0.4816 -0.7322
f 715/715/239 716/716/239 717/717/239
v 0.65821 0.20478 -0.21456
v 0.81220 0.17167 -0.26536
v 0.68751 0.09919 -0.18419
vt 0.23037 0.07167
vt 0.28427 0.06008
vt 0.24063 0.03472
vn -0.3604 -0.3488 -0.8651
f 718/718/240 719/719/240 720/720/240
v 0.67372 0.28895 -0.06844
v 0.65821 0.20478 -0.21456
v 0.60193 0.17167 -0.06249
vt -0.02395 0.10113
vt -0.07509 0.07167
vt -0.02187 0.06008
vn -0.8400 0.5040 -0.2011
f 721/721/241 722/722/241 723/723/241
v 0.83730 0.30786 -0.02894
v 0.67372 0.28895 -0.06844
v 0.71261 0.23538 0.05223
vt 0.29305 -0.01013
vt 0.23580 -0.02395
vt 0.24941 0.01828
vn -0.2095 0.8669 0.4524
f 724/724/242 725/725/242 726/726/242
v 0.92288 0.23538 -0.15064
v 0.83730 0.30786 -0.02894
v 0.86660 0.20227 0.00143
vt -0.05272 0.08238
vt -0.01013 0.10775
vt 0.00050 0.07079
vn 0.8517 0.3488 0.3912
f 727/727/243 728/728/243 729/729/243
v 0.81220 0.17167 -0.26536
v 0.92288 0.23538 -0.15064
v 0.85109 0.11810 -0.14468
vt -0.09288 0.06008
vt -0.05272 0.08238
vt -0.05064 0.04133
vn 0.7489 -0.4816 -0.4551
f 730/730/244 731/731/244 732/732/244
v -0.26839 0.10066 -0.55254
v -0.38298 0.15063 -0.56275
v -0.31274 0.08214 -0.68983
vt -0.09394 -0.19339
vt -0.13404 -0.19696
vt -0.10946 -0.24144
vn -0.4057 -0.8792 0.2497
f 733/733/245 734/734/245 735/735/245
v -0.26839 0.10066 -0.55254
v -0.31274 0.08214 -0.68983
v -0.16891 0.10066 -0.70114
vt -0.09394 -0.19339
vt -0.10946 -0.24144
vt -0.05912 -0.24540
vn 0.1341 -0.9869 0.0898
f 736/736/246 737/737/246 738/738/246
v -0.26839 0.10066 -0.55254
v -0.16891 0.10066 -0.70114
v -0.15025 0.18059 -0.58105
vt -0.09394 -0.19339
vt -0.05912 -0.24540
vt -0.05259 -0.20337
vn 0.5789 -0.7174 0.3876
f 739/739/247 740/740/247 741/741/247
v -0.26839 0.10066 -0.55254
v -0.15025 0.18059 -0.58105
v -0.28255 0.21148 -0.49553
vt -0.09394 0.03523
vt -0.05259 0.06321
vt -0.09889 0.07402
vn 0.4441 -0.3644 0.8185
f 742/742/248 743/743/248 744/744/248
v -0.26839 0.10066 -0.55254
v -0.28255 0.21148 -0.49553
v -0.38298 0.15063 -0.56275
vt -0.09394 0.03523
vt -0.09889 0.07402
vt -0.13404 0.05272
vn -0.2786 -0.4673 0.8391
f 745/745/249 746/746/249 747/747/249
v -0.16891 0.10066 -0.70114
v -0.31274 0.08214 -0.68983
v -0.22202 0.15063 -0.80320
vt -0.05912 -0.24540
vt -0.10946 -0.24144
vt -0.07771 -0.28112
vn 0.0762 -0.8792 -0.4702
f 748/748/250 749/749/250 750/750/250
v -0.31274 0.08214 -0.68983
v -0.38298 0.15063 -0.56275
v -0.35432 0.18152 -0.71767
vt -0.24144 0.02875
vt -0.19696 0.05272
vt -0.25118 0.06353
vn -0.8675 -0.4320 -0.2466
f 751/751/251 752/752/251 753/753/251
v -0.38298 0.15063 -0.56275
v -0.28255 0.21148 -0.49553
v -0.33566 0.26145 -0.59758
vt -0.19696 0.05272
vt -0.17343 0.07402
vt -0.20915 0.09151
vn -0.6696 0.4673 0.5773
f 754/754/252 755/755/252 756/756/252
v -0.28255 0.21148 -0.49553
v -0.15025 0.18059 -0.58105
v -0.19183 0.27997 -0.60889
vt -0.09889 0.07402
vt -0.05259 0.06321
vt -0.06714 0.09799
vn 0.5586 0.4320 0.7081
f 757/757/253 758/758/253 759/759/253
v -0.15025 0.18059 -0.58105
v -0.16891 0.10066 -0.70114
v -0.12159 0.21148 -0.73597
vt -0.20337 0.06321
vt -0.24540 0.03523
vt -0.25759 0.07402
vn 0.9260 -0.3644 0.0987
f 760/760/254 761/761/254 762/762/254
v -0.23618 0.26145 -0.74618
v -0.22202 0.15063 -0.80320
v -0.35432 0.18152 -0.71767
vt -0.08266 0.09151
vt -0.07771 0.05272
vt -0.12401 0.06353
vn -0.4441 0.3644 -0.8185
f 763/763/255 764/764/255 765/765/255
v -0.23618 0.26145 -0.74618
v -0.35432 0.18152 -0.71767
v -0.33566 0.26145 -0.59758
vt -0.08266 -0.26116
vt -0.12401 -0.25118
vt -0.11748 -0.20915
vn -0.5789 0.7174 -0.3876
f 766/766/256 767/767/256 768/768/256
v -0.23618 0.26145 -0.74618
v -0.33566 0.26145 -0.59758
v -0.19183 0.27997 -0.60889
vt -0.08266 -0.26116
vt -0.11748 -0.20915
vt -0.06714 -0.21311
vn -0.1341 0.9869 -0.0898
f 769/769/257 770/770/257 771/771/257
v -0.23618 0.26145 -0.74618
v -0.19183 0.27997 -0.60889
v -0.12159 0.21148 -0.73597
vt -0.08266 -0.26116
vt -0.06714 -0.21311
vt -0.04256 -0.25759
vn 0.4057 0.8792 -0.2497
f 772/772/258 773/773/258 774/774/258
v -0.23618 0.26145 -0.74618
v -0.12159 0.21148 -0.73597
v -0.22202 0.15063 -0.80320
vt -0.08266 0.09151
vt -0.04256 0.07402
vt -0.07771 0.05272
vn 0.2786 0.4673 -0.8391
f 775/775/259 776/776/259 777/777/259
v -0.35432 0.18152 -0.71767
v -0.22202 0.15063 -0.80320
v -0.31274 0.08214 -0.68983
vt -0.12401 0.06353
vt -0.07771 0.05272
vt -0.10946 0.02875
vn -0.5586 -0.4320 -0.7081
f 778/778/260 779/779/260 780/780/260
v -0.33566 0.26145 -0.59758
v -0.35432 0.18152 -0.71767
v -0.38298 0.15063 -0.56275
vt -0.20915 0.09151
vt -0.25118 0.06353
vt -0.19696 0.05272
vn -0.9260 0.3644 -0.0987
f 781/781/261 782/782/261 783/783/261
v -0.19183 0.27997 -0.60889
v -0.33566 0.26145 -0.59758
v -0.28255 0.21148 -0.49553
vt -0.06714 -0.21311
vt -0.11748 -0.20915
vt -0.09889 -0.17343
vn -0.0762 0.8792 0.4702
f 784/784/262 785/785/262 786/786/262
v -0.12159 0.21148 -0.73597
v -0.19183 0.27997 -0.60889
v -0.15025 0.18059 -0.58105
vt -0.25759 0.07402
vt -0.21311 0.09799
vt -0.20337 0.06321
vn 0.8675 0.4320 0.2466
f 787/787/263 788/788/263 789/789/263
v -0.22202 0.15063 -0.80320
v -0.12159 0.21148 -0.73597
v -0.16891 0.10066 -0.70114
vt -0.28112 0.05272
vt -0.25759 0.07402
vt -0.24540 0.03523
vn 0.6696 -0.4673 -0.5773
f 790/790/264 791/791/264 792/792/264
v -1.51094 0.01723 -0.02793
v -1.43582 0.15262 0.14561
v -1.59705 0.31997 -0.22683
vt -0.00978 0.00603
vt 0.05096 0.05342
vt -0.07939 0.11199
vn -0.9177 0.0000 0.3973
f 793/793/265 794/794/265 795/795/265
v -1.19122 0.31997 -0.40251
v -1.51094 0.01723 -0.02793
v -1.59705 0.31997 -0.22683
vt -0.41693 0.11199
vt -0.52883 0.00603
vt -0.55897 0.11199
vn -0.3230 -0.5821 -0.7462
f 796/796/266 797/797/266 798/798/266
v -1.59705 0.31997 -0.22683
v -1.43582 0.15262 0.14561
v -1.52192 0.45536 -0.05329
vt -0.07939 0.11199
vt 0.05096 0.05342
vt -0.01865 0.15937
vn -0.9177 0.0000 0.3973
f 799/799/267 800/800/267 801/801/267
v -1.52192 0.45536 -0.05329
v -1.19122 0.31997 -0.40251
v -1.59705 0.31997 -0.22683
vt -0.53267 -0.01865
vt -0.41693 -0.14088
vt -0.55897 -0.07939
vn -0.2313 0.8131 -0.5342
f 802/802/268 803/803/268 804/804/268
v -1.51094 0.01723 -0.02793
v -1.03000 0.15262 -0.03006
v -1.43582 0.15262 0.14561
vt -0.52883 -0.00978
vt -0.36050 -0.01052
vt -0.50254 0.05096
vn 0.2313 -0.8131 0.5342
f 805/805/269 806/806/269 807/807/269
v -1.10512 0.01723 -0.20360
v -1.51094 0.01723 -0.02793
v -1.19122 0.31997 -0.40251
vt -0.38679 0.00603
vt -0.52883 0.00603
vt -0.41693 0.11199
vn -0.3230 -0.5821 -0.7462
f 808/808/270 809/809/270 810/810/270
v -1.10512 0.01723 -0.20360
v -1.03000 0.15262 -0.03006
v -1.51094 0.01723 -0.02793
vt -0.38679 -0.07126
vt -0.36050 -0.01052
vt -0.52883 -0.00978
vn 0.2313 -0.8131 0.5342
f 811/811/271 812/812/271 813/813/271
v -1.43582 0.15262 0.14561
v -1.03000 0.15262 -0.03006
v -1.52192 0.45536 -0.05329
vt -0.50254 0.05342
vt -0.36050 0.05342
vt -0.53267 0.15937
vn 0.3230 0.5821 0.7462
f 814/814/272 815/815/272 816/816/272
v -1.11610 0.45536 -0.22897
v -1.19122 0.31997 -0.40251
v -1.52192 0.45536 -0.05329
vt -0.39063 -0.08014
vt -0.41693 -0.14088
vt -0.53267 -0.01865
vn -0.2313 0.8131 -0.5342
f 817/817/273 818/818/273 819/819/273
v -1.52192 0.45536 -0.05329
v -1.03000 0.15262 -0.03006
v -1.11610 0.45536 -0.22897
vt -0.53267 0.15937
vt -0.36050 0.05342
vt -0.39063 0.15937
vn 0.3230 0.5821 0.7462
f 820/820/274 821/821/274 822/822/274
v -1.11610 0.45536 -0.22897
v -1.10512 0.01723 -0.20360
v -1.19122 0.31997 -0.40251
vt -0.08014 0.15937
vt -0.07126 0.00603
vt -0.14088 0.11199
vn 0.9177 0.0000 -0.3973
f 823/823/275 824/824/275 825/825/275
v -1.03000 0.15262 -0.03006
v -1.10512 0.01723 -0.20360
v -1.11610 0.45536 -0.22897
vt -0.01052 0.05342
vt -0.07126 0.00603
vt -0.08014 0.15937
vn 0.9177 0.0000 -0.3973
f 826/826/276 827/827/276 828/828/276
v -1.03345 0.02943 0.55268
v -0.94442 0.16660 0.67170
v -1.17618 0.28763 0.36187
vt 0.19344 0.01030
vt 0.23509 0.05831
vt 0.12666 0.10067
vn -0.8008 0.0000 0.5990
f 829/829/277 830/830/277 831/831/277
v -0.92855 0.28763 0.17664
v -1.03345 0.02943 0.55268
v -1.17618 0.28763 0.36187
vt -0.32499 0.06182
vt -0.36171 0.19344
vt -0.41166 0.12666
vn -0.4402 -0.6782 -0.5885
f 832/832/278 833/833/278 834/834/278
v -1.17618 0.28763 0.36187
v -0.94442 0.16660 0.67170
v -1.08715 0.42480 0.48089
vt 0.12666 0.10067
vt 0.23509 0.05831
vt 0.16831 0.14868
vn -0.8008 0.0000 0.5990
f 835/835/279 836/836/279 837/837/279
v -1.08715 0.42480 0.48089
v -0.92855 0.28763 0.17664
v -1.17618 0.28763 0.36187
vt -0.38050 0.16831
vt -0.32499 0.06182
vt -0.41166 0.12666
vn -0.4062 0.7349 -0.5431
f 838/838/280 839/839/280 840/840/280
v -1.03345 0.02943 0.55268
v -0.69679 0.16660 0.48647
v -0.94442 0.16660 0.67170
vt -0.36171 0.19344
vt -0.24388 0.17026
vt -0.33055 0.23509
vn 0.4062 -0.7349 0.5431
f 841/841/281 842/842/281 843/843/281
v -0.78583 0.02943 0.36745
v -1.03345 0.02943 0.55268
v -0.92855 0.28763 0.17664
vt -0.27504 0.12861
vt -0.36171 0.19344
vt -0.32499 0.06182
vn -0.4402 -0.6782 -0.5885
f 844/844/282 845/845/282 846/846/282
v -0.78583 0.02943 0.36745
v -0.69679 0.16660 0.48647
v -1.03345 0.02943 0.55268
vt -0.27504 0.12861
vt -0.24388 0.17026
vt -0.36171 0.19344
vn 0.4062 -0.7349 0.5431
f 847/847/283 848/848/283 849/849/283
v -0.94442 0.16660 0.67170
v -0.69679 0.16660 0.48647
v -1.08715 0.42480 0.48089
vt -0.33055 0.23509
vt -0.24388 0.17026
vt -0.38050 0.16831
vn 0.4402 0.6782 0.5885
f 850/850/284 851/851/284 852/852/284
v -0.83952 0.42480 0.29566
v -0.92855 0.28763 0.17664
v -1.08715 0.42480 0.48089
vt -0.29383 0.10348
vt -0.32499 0.06182
vt -0.38050 0.16831
vn -0.4062 0.7349 -0.5431
f 853/853/285 854/854/285 855/855/285
v -1.08715 0.42480 0.48089
v -0.69679 0.16660 0.48647
v -0.83952 0.42480 0.29566
vt -0.38050 0.16831
vt -0.24388 0.17026
vt -0.29383 0.10348
vn 0.4402 0.6782 0.5885
f 856/856/286 857/857/286 858/858/286
v -0.83952 0.42480 0.29566
v -0.78583 0.02943 0.36745
v -0.92855 0.28763 0.17664
vt 0.10348 0.14868
vt 0.12861 0.01030
vt 0.06182 0.10067
vn 0.8008 0.0000 -0.5990
f 859/859/287 860/860/287 861/861/287
v -0.69679 0.16660 0.48647
v -0.78583 0.02943 0.36745
v -0.83952 0.42480 0.29566
vt 0.17026 0.05831
vt 0.12861 0.01030
vt 0.10348 0.14868
vn 0.8008 0.0000 -0.5990
f 862/862/288 863/863/288 864/864/288
v 1.42127 0.41435 0.25492
v 1.59705 0.20890 0.23433
v 1.31899 0.32136 -0.02759
vt 0.08922 0.14502
vt 0.08201 0.07312
vt -0.00966 0.11247
vn 0.6603 0.6090 -0.4395
f 865/865/289 866/866/289 867/867/289
v 1.42127 0.41435 0.25492
v 1.31899 0.32136 -0.02759
v 1.02325 0.41435 0.02539
vt 0.49744 0.08922
vt 0.46165 -0.00966
vt 0.35814 0.00889
vn 0.2163 0.9014 -0.3750
f 868/868/290 869/869/290 870/870/290
v 1.42127 0.41435 0.25492
v 1.02325 0.41435 0.02539
v 1.11852 0.35937 0.32004
vt 0.49744 0.08922
vt 0.35814 0.00889
vt 0.39148 0.11202
vn -0.1279 0.9667 0.2217
f 871/871/291 872/872/291 873/873/291
v 1.42127 0.41435 0.25492
v 1.11852 0.35937 0.32004
v 1.47314 0.23240 0.44917
vt 0.49744 0.08922
vt 0.39148 0.11202
vt 0.51560 0.15721
vn 0.0138 0.7316 0.6816
f 874/874/292 875/875/292 876/876/292
v 1.42127 0.41435 0.25492
v 1.47314 0.23240 0.44917
v 1.59705 0.20890 0.23433
vt 0.08922 0.14502
vt 0.15721 0.08134
vt 0.08201 0.07312
vn 0.7275 0.5868 0.3554
f 877/877/293 878/878/293 879/879/293
v 1.02325 0.41435 0.02539
v 1.31899 0.32136 -0.02759
v 0.95304 0.20890 -0.13707
vt 0.35814 0.14502
vt 0.46165 0.11247
vt 0.33356 0.07312
vn 0.0497 0.6090 -0.7916
f 880/880/294 881/881/294 882/882/294
v 1.31899 0.32136 -0.02759
v 1.59705 0.20890 0.23433
v 1.30766 0.08193 -0.00794
vt 0.46165 0.11247
vt 0.55897 0.07312
vt 0.45768 0.02867
vn 0.6627 -0.0924 -0.7432
f 883/883/295 884/884/295 885/885/295
v 1.59705 0.20890 0.23433
v 1.47314 0.23240 0.44917
v 1.40293 0.02695 0.28672
vt 0.08201 0.07312
vt 0.15721 0.08134
vt 0.10035 0.00943
vn 0.6720 -0.5868 0.4517
f 886/886/296 887/887/296 888/888/296
v 1.47314 0.23240 0.44917
v 1.11852 0.35937 0.32004
v 1.10719 0.11994 0.33969
vt 0.51560 0.08134
vt 0.39148 0.12578
vt 0.38752 0.04198
vn -0.3113 0.0924 0.9458
f 889/889/297 890/890/297 891/891/297
v 1.11852 0.35937 0.32004
v 1.02325 0.41435 0.02539
v 0.82914 0.23240 0.07778
vt 0.39148 0.11202
vt 0.35814 0.00889
vt 0.29020 0.02722
vn -0.5968 0.7316 0.3295
f 892/892/298 893/893/298 894/894/298
v 1.00491 0.02695 0.05718
v 0.95304 0.20890 -0.13707
v 1.30766 0.08193 -0.00794
vt 0.35172 0.02001
vt 0.33356 -0.04797
vt 0.45768 -0.00278
vn -0.0138 -0.7316 -0.6816
f 895/895/299 896/896/299 897/897/299
v 1.00491 0.02695 0.05718
v 1.30766 0.08193 -0.00794
v 1.40293 0.02695 0.28672
vt 0.35172 0.02001
vt 0.45768 -0.00278
vt 0.49103 0.10035
vn 0.1279 -0.9667 -0.2217
f 898/898/300 899/899/300 900/900/300
v 1.00491 0.02695 0.05718
v 1.40293 0.02695 0.28672
v 1.10719 0.11994 0.33969
vt 0.35172 0.02001
vt 0.49103 0.10035
vt 0.38752 0.11889
vn -0.2163 -0.9014 0.3750
f 901/901/301 902/902/301 903/903/301
v 1.00491 0.02695 0.05718
v 1.10719 0.11994 0.33969
v 0.82914 0.23240 0.07778
vt 0.02001 0.00943
vt 0.11889 0.04198
vt 0.02722 0.08134
vn -0.6603 -0.6090 0.4395
f 904/904/302 905/905/302 906/906/302
v 1.00491 0.02695 0.05718
v 0.82914 0.23240 0.07778
v 0.95304 0.20890 -0.13707
vt 0.02001 0.00943
vt 0.02722 0.08134
vt -0.04797 0.07312
vn -0.7275 -0.5868 -0.3554
f 907/907/303 908/908/303 909/909/303
v 1.30766 0.08193 -0.00794
v 0.95304 0.20890 -0.13707
v 1.31899 0.32136 -0.02759
vt 0.45768 0.02867
vt 0.33356 0.07312
vt 0.46165 0.11247
vn 0.3113 -0.0924 -0.9458
f 910/910/304 911/911/304 912/912/304
v 1.40293 0.02695 0.28672
v 1.30766 0.08193 -0.00794
v 1.59705 0.20890 0.23433
vt 0.49103 0.10035
vt 0.45768 -0.00278
vt 0.55897 0.08201
vn 0.5968 -0.7316 -0.3295
f 913/913/305 914/914/305 915/915/305
v 1.10719 0.11994 0.33969
v 1.40293 0.02695 0.28672
v 1.47314 0.23240 0.44917
vt 0.38752 0.04198
vt 0.49103 0.00943
vt 0.51560 0.08134
vn -0.0497 -0.6090 0.7916
f 916/916/306 917/917/306 918/918/306
v 0.82914 0.23240 0.07778
v 1.10719 0.11994 0.33969
v 1.11852 0.35937 0.32004
vt 0.29020 0.08134
vt 0.38752 0.04198
vt 0.39148 0.12578
vn -0.6627 0.0924 0.7432
f 919/919/307 920/920/307 921/921/307
v 0.95304 0.20890 -0.13707
v 0.82914 0.23240 0.07778
v 1.02325 0.41435 0.02539
vt -0.04797 0.07312
vt 0.02722 0.08134
vt 0.00889 0.14502
vn -0.6720 0.5868 -0.4517
f 922/922/308 923/923/308 924/924/308
v 0.16736 0.31060 0.36309
v 0.31415 0.15331 0.28617
v 0.23321 0.23573 0.09064
vt 0.12708 0.10871
vt 0.10016 0.05366
vt 0.03172 0.08250
vn 0.7280 0.6855 -0.0124
f 925/925/309 926/926/309 927/927/309
v 0.16736 0.31060 0.36309
v 0.23321 0.23573 0.09064
v -0.01239 0.31060 0.22570
vt 0.05858 0.12708
vt 0.08162 0.03172
vt -0.00434 0.07900
vn 0.1702 0.9599 -0.2227
f 928/928/310 929/929/310 930/930/310
v 0.16736 0.31060 0.36309
v -0.01239 0.31060 0.22570
v -0.08325 0.27446 0.50470
vt 0.05858 0.12708
vt -0.00434 0.07900
vt -0.02914 0.17665
vn -0.0822 0.9908 0.1075
f 931/931/311 932/932/311 933/933/311
v 0.16736 0.31060 0.36309
v -0.08325 0.27446 0.50470
v 0.11856 0.17725 0.54208
vt 0.05858 0.12708
vt -0.02914 0.17665
vt 0.04150 0.18973
vn 0.2437 0.7447 0.6213
f 934/934/312 935/935/312 936/936/312
v 0.16736 0.31060 0.36309
v 0.11856 0.17725 0.54208
v 0.31415 0.15331 0.28617
vt 0.12708 0.10871
vt 0.18973 0.06204
vt 0.10016 0.05366
vn 0.7358 0.4314 0.5220
f 937/937/313 938/938/313 939/939/313
v -0.01239 0.31060 0.22570
v 0.23321 0.23573 0.09064
v 0.02330 0.15331 0.06388
vt -0.00434 0.10871
vt 0.08162 0.08250
vt 0.00815 0.05366
vn -0.1791 0.6855 -0.7057
f 940/940/314 941/941/314 942/942/314
v 0.23321 0.23573 0.09064
v 0.31415 0.15331 0.28617
v 0.22511 0.05610 0.10125
vt 0.03172 0.08250
vt 0.10016 0.05366
vt 0.03544 0.01964
vn 0.9120 -0.0651 -0.4049
f 943/943/315 944/944/315 945/945/315
v 0.31415 0.15331 0.28617
v 0.11856 0.17725 0.54208
v 0.15425 0.01996 0.38025
vt 0.10016 0.05366
vt 0.18973 0.06204
vt 0.13309 0.00699
vn 0.6969 -0.4314 0.5730
f 946/946/316 947/947/316 948/948/316
v 0.11856 0.17725 0.54208
v -0.08325 0.27446 0.50470
v -0.09136 0.09483 0.51531
vt 0.04150 0.06204
vt -0.02914 0.09606
vt -0.03198 0.03319
vn -0.1513 0.0651 0.9863
f 949/949/317 950/950/317 951/951/317
v -0.08325 0.27446 0.50470
v -0.01239 0.31060 0.22570
v -0.17229 0.17725 0.31978
vt -0.02914 0.17665
vt -0.00434 0.07900
vt -0.06030 0.11192
vn -0.6635 0.7447 -0.0720
f 952/952/318 953/953/318 954/954/318
v -0.02551 0.01996 0.24286
v 0.02330 0.15331 0.06388
v 0.22511 0.05610 0.10125
vt -0.00893 0.08500
vt 0.00815 0.02236
vt 0.07879 0.03544
vn -0.2437 -0.7447 -0.6213
f 955/955/319 956/956/319 957/957/319
v -0.02551 0.01996 0.24286
v 0.22511 0.05610 0.10125
v 0.15425 0.01996 0.38025
vt -0.00893 0.08500
vt 0.07879 0.03544
vt 0.05399 0.13309
vn 0.0822 -0.9908 -0.1075
f 958/958/320 959/959/320 960/960/320
v -0.02551 0.01996 0.24286
v 0.15425 0.01996 0.38025
v -0.09136 0.09483 0.51531
vt -0.00893 0.08500
vt 0.05399 0.13309
vt -0.03198 0.18036
vn -0.1702 -0.9599 0.2227
f 961/961/321 962/962/321 963/963/321
v -0.02551 0.01996 0.24286
v -0.09136 0.09483 0.51531
v -0.17229 0.17725 0.31978
vt 0.08500 0.00699
vt 0.18036 0.03319
vt 0.11192 0.06204
vn -0.7280 -0.6855 0.0124
f 964/964/322 965/965/322 966/966/322
v -0.02551 0.01996 0.24286
v -0.17229 0.17725 0.31978
v 0.02330 0.15331 0.06388
vt 0.08500 0.00699
vt 0.11192 0.06204
vt 0.02236 0.05366
vn -0.7358 -0.4314 -0.5220
f 967/967/323 968/968/323 969/969/323
v 0.22511 0.05610 0.10125
v 0.02330 0.15331 0.06388
v 0.23321 0.23573 0.09064
vt 0.07879 0.01964
vt 0.00815 0.05366
vt 0.08162 0.08250
vn 0.1513 -0.0651 -0.9863
f 970/970/324 971/971/324 972/972/324
v 0.15425 0.01996 0.38025
v 0.22511 0.05610 0.10125
v 0.31415 0.15331 0.28617
vt 0.05399 0.13309
vt 0.07879 0.03544
vt 0.10995 0.10016
vn 0.6635 -0.7447 0.0720
f 973/973/325 974/974/325 975/975/325
v -0.09136 0.09483 0.51531
v 0.15425 0.01996 0.38025
v 0.11856 0.17725 0.54208
vt -0.03198 0.03319
vt 0.05399 0.00699
vt 0.04150 0.06204
vn 0.1791 -0.6855 0.7057
f 976/976/326 977/977/326 978/978/326
v -0.17229 0.17725 0.31978
v -0.09136 0.09483 0.51531
v -0.08325 0.27446 0.50470
vt 0.11192 0.06204
vt 0.18036 0.03319
vt 0.17665 0.09606
vn -0.9120 0.0651 0.4049
f 979/979/327 980/980/327 981/981/327
v 0.02330 0.15331 0.06388
v -0.17229 0.17725 0.31978
v -0.01239 0.31060 0.22570
vt 0.02236 0.05366
vt 0.11192 0.06204
vt 0.07900 0.10871
vn -0.6969 0.4314 -0.5730
f 982/982/328 983/983/328 984/984/328
v 0.25842 0.19668 0.92525
v 0.29795 0.03301 0.90454
v 0.48007 0.26492 0.80910
vt 0.09045 0.06884
vt 0.10428 0.01155
vt 0.16803 0.09272
vn 0.4642 0.0000 0.8858
f 985/985/329 986/986/329 987/987/329
v 0.37150 0.26492 0.60191
v 0.25842 0.19668 0.92525
v 0.48007 0.26492 0.80910
vt 0.13002 0.21067
vt 0.09045 0.32384
vt 0.16803 0.28319
vn -0.2330 0.9648 0.1221
f 988/988/330 989/989/330 990/990/330
v 0.48007 0.26492 0.80910
v 0.29795 0.03301 0.90454
v 0.51961 0.10124 0.78839
vt 0.16803 0.09272
vt 0.10428 0.01155
vt 0.18186 0.03544
vn 0.4642 0.0000 0.8858
f 991/991/331 992/992/331 993/993/331
v 0.51961 0.10124 0.78839
v 0.37150 0.26492 0.60191
v 0.48007 0.26492 0.80910
vt 0.27594 0.03544
vt 0.21067 0.09272
vt 0.28319 0.09272
vn 0.8546 0.2631 -0.4478
f 994/994/332 995/995/332 996/996/332
v 0.25842 0.19668 0.92525
v 0.18938 0.03301 0.69735
v 0.29795 0.03301 0.90454
vt 0.32384 0.06884
vt 0.24407 0.01155
vt 0.31659 0.01155
vn -0.8546 -0.2631 0.4478
f 997/997/333 998/998/333 999/999/333
v 0.14985 0.19668 0.71806
v 0.25842 0.19668 0.92525
v 0.37150 0.26492 0.60191
vt 0.05245 0.25132
vt 0.09045 0.32384
vt 0.13002 0.21067
vn -0.2330 0.9648 0.1221
f 1000/1000/334 1001/1001/334 1002/1002/334
v 0.14985 0.19668 0.71806
v 0.18938 0.03301 0.69735
v 0.25842 0.19668 0.92525
vt 0.25132 0.06884
vt 0.24407 0.01155
vt 0.32384 0.06884
vn -0.8546 -0.2631 0.4478
f 1003/1003/335 1004/1004/335 1005/1005/335
v 0.29795 0.03301 0.90454
v 0.18938 0.03301 0.69735
v 0.51961 0.10124 0.78839
vt 0.10428 0.31659
vt 0.06628 0.24407
vt 0.18186 0.27594
vn 0.2330 -0.9648 -0.1221
f 1006/1006/336 1007/1007/336 1008/1008/336
v 0.41103 0.10124 0.58119
v 0.37150 0.26492 0.60191
v 0.51961 0.10124 0.78839
vt 0.20342 0.03544
vt 0.21067 0.09272
vt 0.27594 0.03544
vn 0.8546 0.2631 -0.4478
f 1009/1009/337 1010/1010/337 1011/1011/337
v 0.51961 0.10124 0.78839
v 0.18938 0.03301 0.69735
v 0.41103 0.10124 0.58119
vt 0.18186 0.27594
vt 0.06628 0.24407
vt 0.14386 0.20342
vn 0.2330 -0.9648 -0.1221
f 1012/1012/338 1013/1013/338 1014/1014/338
v 0.41103 0.10124 0.58119
v 0.14985 0.19668 0.71806
v 0.37150 0.26492 0.60191
vt 0.14386 0.03544
vt 0.05245 0.06884
vt 0.13002 0.09272
vn -0.4642 0.0000 -0.8858
f 1015/1015/339 1016/1016/339 1017/1017/339
v 0.18938 0.03301 0.69735
v 0.14985 0.19668 0.71806
v 0.41103 0.10124 0.58119
vt 0.06628 0.01155
vt 0.05245 0.06884
vt 0.14386 0.03544
vn -0.4642 0.0000 -0.8858
f 1018/1018/340 1019/1019/340 1020/1020/340
v -0.93023 0.27647 -0.23121
v -0.92467 0.13679 -0.13899
v -0.95631 0.11737 -0.37060
vt -0.08092 0.09677
vt -0.04865 0.04788
vt -0.12971 0.04108
vn 0.9902 -0.0473 -0.1313
f 1021/1021/341 1022/1022/341 1023/1023/341
v -0.93023 0.27647 -0.23121
v -0.95631 0.11737 -0.37060
v -1.06353 0.27647 -0.46341
vt -0.08092 0.09677
vt -0.12971 0.04108
vt -0.16219 0.09677
vn 0.8320 0.2821 -0.4777
f 1024/1024/342 1025/1025/342 1026/1026/342
v -0.93023 0.27647 -0.23121
v -1.06353 0.27647 -0.46341
v -1.09815 0.39423 -0.28917
vt -0.32558 -0.08092
vt -0.37224 -0.16219
vt -0.38435 -0.10121
vn 0.6158 0.7041 -0.3535
f 1027/1027/343 1028/1028/343 1029/1029/343
v -0.93023 0.27647 -0.23121
v -1.09815 0.39423 -0.28917
v -1.01233 0.30790 -0.08867
vt -0.32558 -0.08092
vt -0.38435 -0.10121
vt -0.35432 -0.03103
vn 0.5396 0.8322 0.1274
f 1030/1030/344 1031/1031/344 1032/1032/344
v -0.93023 0.27647 -0.23121
v -1.01233 0.30790 -0.08867
v -0.92467 0.13679 -0.13899
vt -0.08092 0.09677
vt -0.03103 0.10776
vt -0.04865 0.04788
vn 0.8514 0.3122 0.4216
f 1033/1033/345 1034/1034/345 1035/1035/345
v -1.06353 0.27647 -0.46341
v -0.95631 0.11737 -0.37060
v -1.14036 0.13679 -0.51471
vt -0.37224 0.09677
vt -0.33471 0.04108
vt -0.39913 0.04788
vn 0.6127 -0.0473 -0.7889
f 1036/1036/346 1037/1037/346 1038/1038/346
v -0.95631 0.11737 -0.37060
v -0.92467 0.13679 -0.13899
v -1.05454 0.05046 -0.31421
vt -0.33471 -0.12971
vt -0.32364 -0.04865
vt -0.36909 -0.10997
vn 0.5602 -0.8283 -0.0071
f 1039/1039/347 1040/1040/347 1041/1041/347
v -0.92467 0.13679 -0.13899
v -1.01233 0.30790 -0.08867
v -1.08916 0.16821 -0.13997
vt -0.32364 0.04788
vt -0.35432 0.10776
vt -0.38121 0.05887
vn -0.0652 -0.3122 0.9478
f 1042/1042/348 1043/1043/348 1044/1044/348
v -1.01233 0.30790 -0.08867
v -1.09815 0.39423 -0.28917
v -1.19638 0.32732 -0.23278
vt -0.35432 -0.03103
vt -0.38435 -0.10121
vt -0.41873 -0.08147
vn -0.2886 0.8283 0.4802
f 1045/1045/349 1046/1046/349 1047/1047/349
v -1.09815 0.39423 -0.28917
v -1.06353 0.27647 -0.46341
v -1.22802 0.30790 -0.46438
vt -0.38435 -0.10121
vt -0.37224 -0.16219
vt -0.42981 -0.16253
vn 0.1621 0.8322 -0.5302
f 1048/1048/350 1049/1049/350 1050/1050/350
v -1.22247 0.16821 -0.37217
v -1.14036 0.13679 -0.51471
v -1.05454 0.05046 -0.31421
vt -0.42786 -0.13026
vt -0.39913 -0.18015
vt -0.36909 -0.10997
vn -0.5396 -0.8322 -0.1274
f 1051/1051/351 1052/1052/351 1053/1053/351
v -1.22247 0.16821 -0.37217
v -1.05454 0.05046 -0.31421
v -1.08916 0.16821 -0.13997
vt -0.42786 -0.13026
vt -0.36909 -0.10997
vt -0.38121 -0.04899
vn -0.6158 -0.7041 0.3535
f 1054/1054/352 1055/1055/352 1056/1056/352
v -1.22247 0.16821 -0.37217
v -1.08916 0.16821 -0.13997
v -1.19638 0.32732 -0.23278
vt -0.13026 0.05887
vt -0.04899 0.05887
vt -0.08147 0.11456
vn -0.8320 -0.2821 0.4777
f 1057/1057/353 1058/1058/353 1059/1059/353
v -1.22247 0.16821 -0.37217
v -1.19638 0.32732 -0.23278
v -1.22802 0.30790 -0.46438
vt -0.13026 0.05887
vt -0.08147 0.11456
vt -0.16253 0.10776
vn -0.9902 0.0473 0.1313
f 1060/1060/354 1061/1061/354 1062/1062/354
v -1.22247 0.16821 -0.37217
v -1.22802 0.30790 -0.46438
v -1.14036 0.13679 -0.51471
vt -0.13026 0.05887
vt -0.16253 0.10776
vt -0.18015 0.04788
vn -0.8514 -0.3122 -0.4216
f 1063/1063/355 1064/1064/355 1065/1065/355
v -1.05454 0.05046 -0.31421
v -1.14036 0.13679 -0.51471
v -0.95631 0.11737 -0.37060
vt -0.36909 -0.10997
vt -0.39913 -0.18015
vt -0.33471 -0.12971
vn 0.2886 -0.8283 -0.4802
f 1066/1066/356 1067/1067/356 1068/1068/356
v -1.08916 0.16821 -0.13997
v -1.05454 0.05046 -0.31421
v -0.92467 0.13679 -0.13899
vt -0.38121 -0.04899
vt -0.36909 -0.10997
vt -0.32364 -0.04865
vn -0.1621 -0.8322 0.5302
f 1069/1069/357 1070/1070/357 1071/1071/357
v -1.19638 0.32732 -0.23278
v -1.08916 0.16821 -0.13997
v -1.01233 0.30790 -0.08867
vt -0.41873 0.11456
vt -0.38121 0.05887
vt -0.35432 0.10776
vn -0.6127 0.0473 0.7889
f 1072/1072/358 1073/1073/358 1074/1074/358
v -1.22802 0.30790 -0.46438
v -1.19638 0.32732 -0.23278
v -1.09815 0.39423 -0.28917
vt -0.42981 -0.16253
vt -0.41873 -0.08147
vt -0.38435 -0.10121
vn -0.5602 0.8283 0.0071
f 1075/1075/359 1076/1076/359 1077/1077/359
v -1.14036 0.13679 -0.51471
v -1.22802 0.30790 -0.46438
v -1.06353 0.27647 -0.46341
vt -0.39913 0.04788
vt -0.42981 0.10776
vt -0.37224 0.09677
vn 0.0652 0.3122 -0.9478
f 1078/1078/360 1079/1079/360 1080/1080/360
v -1.20169 0.28217 0.35464
v -1.41236 0.18297 0.18607
v -1.09674 0.02480 0.05304
vt -0.42059 0.12413
vt -0.49433 0.06513
vt -0.38386 0.01856
vn -0.1286 -0.7760 0.6174
f 1081/1081/361 1082/1082/361 1083/1083/361
v -1.20169 0.28217 0.35464
v -1.09674 0.02480 0.05304
v -0.81009 0.28217 0.19380
vt -0.42059 0.12413
vt -0.38386 0.01856
vt -0.28353 0.06783
vn 0.2784 -0.6806 0.6777
f 1084/1084/362 1085/1085/362 1086/1086/362
v -1.20169 0.28217 0.35464
v -0.81009 0.28217 0.19380
v -0.94855 0.59941 0.41382
vt -0.42059 0.09876
vt -0.28353 0.09876
vt -0.33199 0.20979
vn 0.3431 -0.4296 0.8353
f 1087/1087/363 1088/1088/363 1089/1089/363
v -1.20169 0.28217 0.35464
v -0.94855 0.59941 0.41382
v -1.32078 0.53810 0.40905
vt -0.42059 0.09876
vt -0.33199 0.20979
vt -0.46227 0.18834
vn 0.0202 -0.1989 0.9798
f 1090/1090/364 1091/1091/364 1092/1092/364
v -1.20169 0.28217 0.35464
v -1.32078 0.53810 0.40905
v -1.41236 0.18297 0.18607
vt -0.42059 0.09876
vt -0.46227 0.18834
vt -0.49433 0.06404
vn -0.4598 -0.3841 0.8007
f 1093/1093/365 1094/1094/365 1095/1095/365
v -0.81009 0.28217 0.19380
v -1.09674 0.02480 0.05304
v -0.77873 0.18297 -0.07419
vt -0.28353 0.06783
vt -0.38386 0.01856
vt -0.27255 -0.02597
vn 0.5255 -0.7760 0.3488
f 1096/1096/366 1097/1097/366 1098/1098/366
v -1.09674 0.02480 0.05304
v -1.41236 0.18297 0.18607
v -1.15095 0.12166 -0.07896
vt -0.38386 0.01856
vt -0.49433 0.06513
vt -0.40283 -0.02764
vn -0.5330 -0.7716 -0.3472
f 1099/1099/367 1100/1100/367 1101/1101/367
v -1.41236 0.18297 0.18607
v -1.32078 0.53810 0.40905
v -1.28942 0.43890 0.14106
vt 0.06513 0.06404
vt 0.14317 0.18834
vt 0.04937 0.15361
vn -0.8898 0.3841 -0.2463
f 1102/1102/368 1103/1103/368 1104/1104/368
v -1.32078 0.53810 0.40905
v -0.94855 0.59941 0.41382
v -1.00277 0.69627 0.28182
vt -0.46227 0.14317
vt -0.33199 0.14484
vt -0.35097 0.09864
vn -0.1351 0.7716 0.6216
f 1105/1105/369 1106/1106/369 1107/1107/369
v -0.94855 0.59941 0.41382
v -0.81009 0.28217 0.19380
v -0.68714 0.53810 0.14879
vt -0.33199 0.20979
vt -0.28353 0.09876
vt -0.24050 0.18834
vn 0.6743 -0.1989 0.7111
f 1108/1108/370 1109/1109/370 1110/1110/370
v -0.89781 0.43890 -0.01978
v -0.77873 0.18297 -0.07419
v -1.15095 0.12166 -0.07896
vt -0.31423 0.15361
vt -0.27255 0.06404
vt -0.40283 0.04258
vn -0.0202 0.1989 -0.9798
f 1111/1111/371 1112/1112/371 1113/1113/371
v -0.89781 0.43890 -0.01978
v -1.15095 0.12166 -0.07896
v -1.28942 0.43890 0.14106
vt -0.31423 0.15361
vt -0.40283 0.04258
vt -0.45130 0.15361
vn -0.3431 0.4296 -0.8353
f 1114/1114/372 1115/1115/372 1116/1116/372
v -0.89781 0.43890 -0.01978
v -1.28942 0.43890 0.14106
v -1.00277 0.69627 0.28182
vt -0.31423 -0.00692
vt -0.45130 0.04937
vt -0.35097 0.09864
vn -0.2784 0.6806 -0.6777
f 1117/1117/373 1118/1118/373 1119/1119/373
v -0.89781 0.43890 -0.01978
v -1.00277 0.69627 0.28182
v -0.68714 0.53810 0.14879
vt -0.31423 -0.00692
vt -0.35097 0.09864
vt -0.24050 0.05208
vn 0.1286 0.7760 -0.6174
f 1120/1120/374 1121/1121/374 1122/1122/374
v -0.89781 0.43890 -0.01978
v -0.68714 0.53810 0.14879
v -0.77873 0.18297 -0.07419
vt -0.31423 0.15361
vt -0.24050 0.18834
vt -0.27255 0.06404
vn 0.4598 0.3841 -0.8007
f 1123/1123/375 1124/1124/375 1125/1125/375
v -1.15095 0.12166 -0.07896
v -0.77873 0.18297 -0.07419
v -1.09674 0.02480 0.05304
vt -0.40283 -0.02764
vt -0.27255 -0.02597
vt -0.38386 0.01856
vn 0.1351 -0.7716 -0.6216
f 1126/1126/376 1127/1127/376 1128/1128/376
v -1.28942 0.43890 0.14106
v -1.15095 0.12166 -0.07896
v -1.41236 0.18297 0.18607
vt -0.45130 0.15361
vt -0.40283 0.04258
vt -0.49433 0.06404
vn -0.6743 0.1989 -0.7111
f 1129/1129/377 1130/1130/377 1131/1131/377
v -1.00277 0.69627 0.28182
v -1.28942 0.43890 0.14106
v -1.32078 0.53810 0.40905
vt -0.35097 0.09864
vt -0.45130 0.04937
vt -0.46227 0.14317
vn -0.5255 0.7760 -0.3488
f 1132/1132/378 1133/1133/378 1134/1134/378
v -0.68714 0.53810 0.14879
v -1.00277 0.69627 0.28182
v -0.94855 0.59941 0.41382
vt -0.24050 0.05208
vt -0.35097 0.09864
vt -0.33199 0.14484
vn 0.5330 0.7716 0.3472
f 1135/1135/379 1136/1136/379 1137/1137/379
v -0.77873 0.18297 -0.07419
v -0.68714 0.53810 0.14879
v -0.81009 0.28217 0.19380
vt -0.02597 0.06404
vt 0.05208 0.18834
vt 0.06783 0.09876
vn 0.8898 -0.3841 0.2463
f 1138/1138/380 1139/1139/380 1140/1140/380
v 0.60804 0.34128 1.11228
v 0.50779 0.14017 1.26296
v 0.52835 0.05626 0.96598
vt 0.38930 0.11945
vt 0.44204 0.04906
vt 0.33809 0.01969
vn 0.9261 -0.3413 0.1606
f 1141/1141/381 1142/1142/381 1143/1143/381
v 0.60804 0.34128 1.11228
v 0.52835 0.05626 0.96598
v 0.48431 0.34128 0.80532
vt 0.38930 0.11945
vt 0.33809 0.01969
vt 0.28186 0.11945
vn 0.9254 -0.0673 -0.3730
f 1144/1144/382 1145/1145/382 1146/1146/382
v 0.60804 0.34128 1.11228
v 0.48431 0.34128 0.80532
v 0.43653 0.60135 1.00300
vt 0.38930 0.11945
vt 0.28186 0.11945
vt 0.35105 0.21047
vn 0.8443 0.4138 -0.3403
f 1147/1147/383 1148/1148/383 1149/1149/383
v 0.60804 0.34128 1.11228
v 0.43653 0.60135 1.00300
v 0.45104 0.47705 1.28583
vt 0.38930 0.11945
vt 0.35105 0.21047
vt 0.45004 0.16697
vn 0.7675 0.6005 0.2245
f 1150/1150/384 1151/1151/384 1152/1152/384
v 0.60804 0.34128 1.11228
v 0.45104 0.47705 1.28583
v 0.50779 0.14017 1.26296
vt 0.38930 0.11945
vt 0.45004 0.16697
vt 0.44204 0.04906
vn 0.7718 0.0872 0.6299
f 1153/1153/385 1154/1154/385 1155/1155/385
v 0.48431 0.34128 0.80532
v 0.52835 0.05626 0.96598
v 0.30759 0.14017 0.76628
vt 0.16951 0.11945
vt 0.18492 0.01969
vt 0.10766 0.04906
vn 0.5559 -0.3413 -0.7579
f 1156/1156/386 1157/1157/386 1158/1158/386
v 0.52835 0.05626 0.96598
v 0.50779 0.14017 1.26296
v 0.32210 0.01587 1.04912
vt 0.18492 0.33809
vt 0.17773 0.44204
vt 0.11274 0.36719
vn 0.2915 -0.9150 0.2787
f 1159/1159/387 1160/1160/387 1161/1161/387
v 0.50779 0.14017 1.26296
v 0.45104 0.47705 1.28583
v 0.27432 0.27593 1.24680
vt 0.17773 0.04906
vt 0.15786 0.16697
vt 0.09601 0.09658
vn -0.1192 -0.0872 0.9890
f 1162/1162/388 1163/1163/388 1164/1164/388
v 0.45104 0.47705 1.28583
v 0.43653 0.60135 1.00300
v 0.23028 0.56096 1.08614
vt 0.15786 0.45004
vt 0.15278 0.35105
vt 0.08060 0.38015
vn -0.0168 0.9150 0.4030
f 1165/1165/389 1166/1166/389 1167/1167/389
v 0.43653 0.60135 1.00300
v 0.48431 0.34128 0.80532
v 0.25084 0.47705 0.78916
vt 0.15278 0.21047
vt 0.16951 0.11945
vt 0.08779 0.16697
vn 0.3972 0.6005 -0.6940
f 1168/1168/390 1169/1169/390 1170/1170/390
v 0.15059 0.27593 0.93984
v 0.30759 0.14017 0.76628
v 0.32210 0.01587 1.04912
vt 0.32894 0.09658
vt 0.26820 0.04906
vt 0.36719 0.00555
vn -0.7675 -0.6005 -0.2245
f 1171/1171/391 1172/1172/391 1173/1173/391
v 0.15059 0.27593 0.93984
v 0.32210 0.01587 1.04912
v 0.27432 0.27593 1.24680
vt 0.32894 0.09658
vt 0.36719 0.00555
vt 0.43638 0.09658
vn -0.8443 -0.4138 0.3403
f 1174/1174/392 1175/1175/392 1176/1176/392
v 0.15059 0.27593 0.93984
v 0.27432 0.27593 1.24680
v 0.23028 0.56096 1.08614
vt 0.32894 0.09658
vt 0.43638 0.09658
vt 0.38015 0.19634
vn -0.9254 0.0673 0.3730
f 1177/1177/393 1178/1178/393 1179/1179/393
v 0.15059 0.27593 0.93984
v 0.23028 0.56096 1.08614
v 0.25084 0.47705 0.78916
vt 0.32894 0.09658
vt 0.38015 0.19634
vt 0.27621 0.16697
vn -0.9261 0.3413 -0.1606
f 1180/1180/394 1181/1181/394 1182/1182/394
v 0.15059 0.27593 0.93984
v 0.25084 0.47705 0.78916
v 0.30759 0.14017 0.76628
vt 0.32894 0.09658
vt 0.27621 0.16697
vt 0.26820 0.04906
vn -0.7718 -0.0872 -0.6299
f 1183/1183/395 1184/1184/395 1185/1185/395
v 0.32210 0.01587 1.04912
v 0.30759 0.14017 0.76628
v 0.52835 0.05626 0.96598
vt 0.11274 0.36719
vt 0.10766 0.26820
vt 0.18492 0.33809
vn 0.0168 -0.9150 -0.4030
f 1186/1186/396 1187/1187/396 1188/1188/396
v 0.27432 0.27593 1.24680
v 0.32210 0.01587 1.04912
v 0.50779 0.14017 1.26296
vt 0.09601 0.09658
vt 0.11274 0.00555
vt 0.17773 0.04906
vn -0.3972 -0.6005 0.6940
f 1189/1189/397 1190/1190/397 1191/1191/397
v 0.23028 0.56096 1.08614
v 0.27432 0.27593 1.24680
v 0.45104 0.47705 1.28583
vt 0.08060 0.19634
vt 0.09601 0.09658
vt 0.15786 0.16697
vn -0.5559 0.3413 0.7579
f 1192/1192/398 1193/1193/398 1194/1194/398
v 0.25084 0.47705 0.78916
v 0.23028 0.56096 1.08614
v 0.43653 0.60135 1.00300
vt 0.08779 0.27621
vt 0.08060 0.38015
vt 0.15278 0.35105
vn -0.2915 0.9150 -0.2787
f 1195/1195/399 1196/1196/399 1197/1197/399
v 0.30759 0.14017 0.76628
v 0.25084 0.47705 0.78916
v 0.48431 0.34128 0.80532
vt 0.10766 0.04906
vt 0.08779 0.16697
vt 0.16951 0.11945
vn 0.1192 0.0872 -0.9890
f 1198/1198/400 1199/1199/400 1200/1200/400
v 0.01313 0.36989 -0.76339
v 0.06860 0.10883 -0.76561
v 0.39379 0.45090 -0.77865
vt 0.00460 0.12946
vt 0.02401 0.03809
vt 0.13783 0.15782
vn 0.0401 0.0000 0.9992
f 1201/1201/401 1202/1202/401 1203/1203/401
v 0.38423 0.45090 -1.01707
v 0.01313 0.36989 -0.76339
v 0.39379 0.45090 -0.77865
vt 0.13448 -0.35597
vt 0.00460 -0.26718
vt 0.13783 -0.27253
vn -0.2078 0.9781 0.0083
f 1204/1204/402 1205/1205/402 1206/1206/402
v 0.39379 0.45090 -0.77865
v 0.06860 0.10883 -0.76561
v 0.44926 0.18984 -0.78087
vt 0.13783 0.15782
vt 0.02401 0.03809
vt 0.15724 0.06644
vn 0.0401 0.0000 0.9992
f 1207/1207/403 1208/1208/403 1209/1209/403
v 0.44926 0.18984 -0.78087
v 0.38423 0.45090 -1.01707
v 0.39379 0.45090 -0.77865
vt -0.27331 0.06644
vt -0.35597 0.15782
vt -0.27253 0.15782
vn 0.9773 0.2080 -0.0392
f 1210/1210/404 1211/1211/404 1212/1212/404
v 0.01313 0.36989 -0.76339
v 0.05904 0.10883 -1.00403
v 0.06860 0.10883 -0.76561
vt -0.26718 0.12946
vt -0.35141 0.03809
vt -0.26796 0.03809
vn -0.9773 -0.2080 0.0392
f 1213/1213/405 1214/1214/405 1215/1215/405
v 0.00357 0.36989 -1.00180
v 0.01313 0.36989 -0.76339
v 0.38423 0.45090 -1.01707
vt 0.00125 -0.35063
vt 0.00460 -0.26718
vt 0.13448 -0.35597
vn -0.2078 0.9781 0.0083
f 1216/1216/406 1217/1217/406 1218/1218/406
v 0.00357 0.36989 -1.00180
v 0.05904 0.10883 -1.00403
v 0.01313 0.36989 -0.76339
vt -0.35063 0.12946
vt -0.35141 0.03809
vt -0.26718 0.12946
vn -0.9773 -0.2080 0.0392
f 1219/1219/407 1220/1220/407 1221/1221/407
v 0.06860 0.10883 -0.76561
v 0.05904 0.10883 -1.00403
v 0.44926 0.18984 -0.78087
vt 0.02401 -0.26796
vt 0.02066 -0.35141
vt 0.15724 -0.27331
vn 0.2078 -0.9781 -0.0083
f 1222/1222/408 1223/1223/408 1224/1224/408
v 0.43970 0.18984 -1.01929
v 0.38423 0.45090 -1.01707
v 0.44926 0.18984 -0.78087
vt -0.35675 0.06644
vt -0.35597 0.15782
vt -0.27331 0.06644
vn 0.9773 0.2080 -0.0392
f 1225/1225/409 1226/1226/409 1227/1227/409
v 0.44926 0.18984 -0.78087
v 0.05904 0.10883 -1.00403
v 0.43970 0.18984 -1.01929
vt 0.15724 -0.27331
vt 0.02066 -0.35141
vt 0.15390 -0.35675
vn 0.2078 -0.9781 -0.0083
f 1228/1228/410 1229/1229/410 1230/1230/410
v 0.43970 0.18984 -1.01929
v 0.00357 0.36989 -1.00180
v 0.38423 0.45090 -1.01707
vt 0.15390 0.06644
vt 0.00125 0.12946
vt 0.13448 0.15782
vn -0.0401 0.0000 -0.9992
f 1231/1231/411 1232/1232/411 1233/1233/411
v 0.05904 0.10883 -1.00403
v 0.00357 0.36989 -1.00180
v 0.43970 0.18984 -1.01929
vt 0.02066 0.03809
vt 0.00125 0.12946
vt 0.15390 0.06644
vn -0.0401 0.0000 -0.9992
f 1234/1234/412 1235/1235/412 1236/1236/412
v 1.21571 0.10625 0.13096
v 1.31015 0.02056 0.14124
v 1.34402 0.24935 0.14493
vt 0.42550 0.03719
vt 0.45855 0.00720
vt 0.47041 0.08727
vn -0.1082 0.0000 0.9941
f 1237/1237/413 1238/1238/413 1239/1239/413
v 1.35859 0.24935 0.01113
v 1.21571 0.10625 0.13096
v 1.34402 0.24935 0.14493
vt 0.00389 0.08727
vt 0.04584 0.03719
vt 0.05073 0.08727
vn -0.7382 0.6698 -0.0804
f 1240/1240/414 1241/1241/414 1242/1242/414
v 1.34402 0.24935 0.14493
v 1.31015 0.02056 0.14124
v 1.43847 0.16366 0.15522
vt 0.47041 0.08727
vt 0.45855 0.00720
vt 0.50346 0.05728
vn -0.1082 0.0000 0.9941
f 1243/1243/415 1244/1244/415 1245/1245/415
v 1.43847 0.16366 0.15522
v 1.35859 0.24935 0.01113
v 1.34402 0.24935 0.14493
vt 0.50346 0.05433
vt 0.47551 0.00389
vt 0.47041 0.05073
vn 0.6658 0.7426 0.0725
f 1246/1246/416 1247/1247/416 1248/1248/416
v 1.21571 0.10625 0.13096
v 1.32472 0.02056 0.00744
v 1.31015 0.02056 0.14124
vt 0.42550 0.04584
vt 0.46365 0.00260
vt 0.45855 0.04944
vn -0.6658 -0.7426 -0.0725
f 1249/1249/417 1250/1250/417 1251/1251/417
v 1.23027 0.10625 -0.00284
v 1.21571 0.10625 0.13096
v 1.35859 0.24935 0.01113
vt -0.00100 0.03719
vt 0.04584 0.03719
vt 0.00389 0.08727
vn -0.7382 0.6698 -0.0804
f 1252/1252/418 1253/1253/418 1254/1254/418
v 1.23027 0.10625 -0.00284
v 1.32472 0.02056 0.00744
v 1.21571 0.10625 0.13096
vt 0.43060 -0.00100
vt 0.46365 0.00260
vt 0.42550 0.04584
vn -0.6658 -0.7426 -0.0725
f 1255/1255/419 1256/1256/419 1257/1257/419
v 1.31015 0.02056 0.14124
v 1.32472 0.02056 0.00744
v 1.43847 0.16366 0.15522
vt 0.04944 0.00720
vt 0.00260 0.00720
vt 0.05433 0.05728
vn 0.7382 -0.6698 0.0804
f 1258/1258/420 1259/1259/420 1260/1260/420
v 1.45304 0.16366 0.02141
v 1.35859 0.24935 0.01113
v 1.43847 0.16366 0.15522
vt 0.50856 0.00749
vt 0.47551 0.00389
vt 0.50346 0.05433
vn 0.6658 0.7426 0.0725
f 1261/1261/421 1262/1262/421 1263/1263/421
v 1.43847 0.16366 0.15522
v 1.32472 0.02056 0.00744
v 1.45304 0.16366 0.02141
vt 0.05433 0.05728
vt 0.00260 0.00720
vt 0.00749 0.05728
vn 0.7382 -0.6698 0.0804
f 1264/1264/422 1265/1265/422 1266/1266/422
v 1.45304 0.16366 0.02141
v 1.23027 0.10625 -0.00284
v 1.35859 0.24935 0.01113
vt 0.50856 0.05728
vt 0.43060 0.03719
vt 0.47551 0.08727
vn 0.1082 0.0000 -0.9941
f 1267/1267/423 1268/1268/423 1269/1269/423
v 1.32472 0.02056 0.00744
v 1.23027 0.10625 -0.00284
v 1.45304 0.16366 0.02141
vt 0.46365 0.00720
vt 0.43060 0.03719
vt 0.50856 0.05728
vn 0.1082 0.0000 -0.9941
f 1270/1270/424 1271/1271/424 1272/1272/424
usemtl rebar
v -0.50729 0.12346 -0.68772
v -0.50490 0.10172 -0.68536
v -0.51946 0.11259 -0.67297
vt -0.24070 0.04321
vt -0.23988 0.03560
vt -0.23554 0.03941
vn -0.7041 -0.1527 -0.6935
f 1273/1273/425 1274/1274/425 1275/1275/425
v -0.50729 0.12346 -0.68772
v -0.51946 0.11259 -0.67297
v -0.00041 0.23339 -0.18841
vt -0.17755 -0.24070
vt -0.18181 -0.23554
vt -0.00014 -0.06594
vn -0.4451 0.8559 0.2634
f 1276/1276/426 1277/1277/426 1278/1278/426
v -0.00041 0.23339 -0.18841
v -0.51946 0.11259 -0.67297
v -0.01259 0.22252 -0.17366
vt -0.00014 -0.06594
vt -0.18181 -0.23554
vt -0.00440 -0.06078
vn -0.4451 0.8559 0.2634
f 1279/1279/427 1280/1280/427 1281/1281/427
v -0.00041 0.23339 -0.18841
v -0.01259 0.22252 -0.17366
v 0.00198 0.21165 -0.18605
vt -0.06594 0.08169
vt -0.06078 0.07788
vt -0.06512 0.07408
vn 0.7041 0.1527 0.6935
f 1282/1282/428 1283/1283/428 1284/1284/428
v -0.51946 0.11259 -0.67297
v -0.50490 0.10172 -0.68536
v -0.51707 0.09085 -0.67061
vt -0.23554 0.03941
vt -0.23988 0.03560
vt -0.23471 0.03180
vn -0.7041 -0.1527 -0.6935
f 1285/1285/429 1286/1286/429 1287/1287/429
v -0.51946 0.11259 -0.67297
v -0.51707 0.09085 -0.67061
v -0.01259 0.22252 -0.17366
vt -0.18181 0.03941
vt -0.18097 0.03180
vt -0.00440 0.07788
vn -0.7018 -0.0000 0.7124
f 1288/1288/430 1289/1289/430 1290/1290/430
v -0.01259 0.22252 -0.17366
v -0.51707 0.09085 -0.67061
v -0.01019 0.20078 -0.17130
vt -0.00440 0.07788
vt -0.18097 0.03180
vt -0.00357 0.07027
vn -0.7018 0.0000 0.7124
f 1291/1291/431 1292/1292/431 1293/1293/431
v -0.01259 0.22252 -0.17366
v -0.01019 0.20078 -0.17130
v 0.00198 0.21165 -0.18605
vt -0.06078 0.07788
vt -0.05996 0.07027
vt -0.06512 0.07408
vn 0.7041 0.1527 0.6935
f 1294/1294/432 1295/1295/432 1296/1296/432
v -0.51707 0.09085 -0.67061
v -0.50490 0.10172 -0.68536
v -0.50250 0.07998 -0.68300
vt -0.23471 0.03180
vt -0.23988 0.03560
vt -0.23905 0.02799
vn -0.7041 -0.1527 -0.6935
f 1297/1297/433 1298/1298/433 1299/1299/433
v -0.51707 0.09085 -0.67061
v -0.50250 0.07998 -0.68300
v -0.01019 0.20078 -0.17130
vt -0.18097 -0.23471
vt -0.17588 -0.23905
vt -0.00357 -0.05996
vn -0.2567 -0.8559 0.4490
f 1300/1300/434 1301/1301/434 1302/1302/434
v -0.01019 0.20078 -0.17130
v -0.50250 0.07998 -0.68300
v 0.00437 0.18991 -0.18369
vt -0.00357 -0.05996
vt -0.17588 -0.23905
vt 0.00153 -0.06429
vn -0.2567 -0.8559 0.4490
f 1303/1303/435 1304/1304/435 1305/1305/435
v -0.01019 0.20078 -0.17130
v 0.00437 0.18991 -0.18369
v 0.00198 0.21165 -0.18605
vt -0.05996 0.07027
vt -0.06429 0.06647
vt -0.06512 0.07408
vn 0.7041 0.1527 0.6935
f 1306/1306/436 1307/1307/436 1308/1308/436
v -0.50250 0.07998 -0.68300
v -0.50490 0.10172 -0.68536
v -0.49033 0.09085 -0.69776
vt -0.23905 0.02799
vt -0.23988 0.03560
vt -0.24421 0.03180
vn -0.7041 -0.1527 -0.6935
f 1309/1309/437 1310/1310/437 1311/1311/437
v -0.50250 0.07998 -0.68300
v -0.49033 0.09085 -0.69776
v 0.00437 0.18991 -0.18369
vt -0.17588 -0.23905
vt -0.17162 -0.24421
vt 0.00153 -0.06429
vn 0.4451 -0.8559 -0.2634
f 1312/1312/438 1313/1313/438 1314/1314/438
v 0.00437 0.18991 -0.18369
v -0.49033 0.09085 -0.69776
v 0.01655 0.20078 -0.19845
vt 0.00153 -0.06429
vt -0.17162 -0.24421
vt 0.00579 -0.06946
vn 0.4451 -0.8559 -0.2634
f 1315/1315/439 1316/1316/439 1317/1317/439
v 0.00437 0.18991 -0.18369
v 0.01655 0.20078 -0.19845
v 0.00198 0.21165 -0.18605
vt -0.06429 0.06647
vt -0.06946 0.07027
vt -0.06512 0.07408
vn 0.7041 0.1527 0.6935
f 1318/1318/440 1319/1319/440 1320/1320/440
v -0.49033 0.09085 -0.69776
v -0.50490 0.10172 -0.68536
v -0.49272 0.11259 -0.70011
vt -0.24421 0.03180
vt -0.23988 0.03560
vt -0.24504 0.03941
vn -0.7041 -0.1527 -0.6935
f 1321/1321/441 1322/1322/441 1323/1323/441
v -0.49033 0.09085 -0.69776
v -0.49272 0.11259 -0.70011
v 0.01655 0.20078 -0.19845
vt -0.17162 0.03180
vt -0.17245 0.03941
vt 0.00579 0.07027
vn 0.7018 0.0000 -0.7124
f 1324/1324/442 1325/1325/442 1326/1326/442
v 0.01655 0.20078 -0.19845
v -0.49272 0.11259 -0.70011
v 0.01416 0.22252 -0.20080
vt 0.00579 0.07027
vt -0.17245 0.03941
vt 0.00495 0.07788
vn 0.7018 0.0000 -0.7124
f 1327/1327/443 1328/1328/443 1329/1329/443
v 0.01655 0.20078 -0.19845
v 0.01416 0.22252 -0.20080
v 0.00198 0.21165 -0.18605
vt -0.06946 0.07027
vt -0.07028 0.07788
vt -0.06512 0.07408
vn 0.7041 0.1527 0.6935
f 1330/1330/444 1331/1331/444 1332/1332/444
v -0.49272 0.11259 -0.70011
v -0.50490 0.10172 -0.68536
v -0.50729 0.12346 -0.68772
vt -0.24504 0.03941
vt -0.23988 0.03560
vt -0.24070 0.04321
vn -0.7041 -0.1527 -0.6935
f 1333/1333/445 1334/1334/445 1335/1335/445
v -0.49272 0.11259 -0.70011
v -0.50729 0.12346 -0.68772
v 0.01416 0.22252 -0.20080
vt -0.17245 -0.24504
vt -0.17755 -0.24070
vt 0.00495 -0.07028
vn 0.2567 0.8559 -0.4490
f 1336/1336/446 1337/1337/446 1338/1338/446
v 0.01416 0.22252 -0.20080
v -0.50729 0.12346 -0.68772
v -0.00041 0.23339 -0.18841
vt 0.00495 -0.07028
vt -0.17755 -0.24070
vt -0.00014 -0.06594
vn 0.2567 0.8559 -0.4490
f 1339/1339/447 1340/1340/447 1341/1341/447
v 0.01416 0.22252 -0.20080
v -0.00041 0.23339 -0.18841
v 0.00198 0.21165 -0.18605
vt -0.07028 0.07788
vt -0.06594 0.08169
vt -0.06512 0.07408
vn 0.7041 0.1527 0.6935
f 1342/1342/448 1343/1343/448 1344/1344/448
v -0.00424 0.20663 -0.19218
v 0.01059 0.19948 -0.17758
v -0.01020 0.20305 -0.17130
vt -0.00148 -0.06726
vt 0.00371 -0.06215
vt -0.00357 -0.05996
vn -0.2316 -0.9457 -0.2281
f 1345/1345/449 1346/1346/449 1347/1347/449
v -0.00424 0.20663 -0.19218
v -0.01020 0.20305 -0.17130
v 0.03050 0.34848 -0.15796
vt -0.06726 0.07232
vt -0.05996 0.07107
vt -0.05529 0.12197
vn -0.9343 0.2815 -0.2185
f 1348/1348/450 1349/1349/450 1350/1350/450
v 0.03050 0.34848 -0.15796
v -0.01020 0.20305 -0.17130
v 0.02454 0.34491 -0.13709
vt -0.05529 0.12197
vt -0.05996 0.07107
vt -0.04798 0.12072
vn -0.9343 0.2815 -0.2185
f 1351/1351/451 1352/1352/451 1353/1353/451
v 0.03050 0.34848 -0.15796
v 0.02454 0.34491 -0.13709
v 0.04532 0.34133 -0.14336
vt 0.01067 -0.05529
vt 0.00859 -0.04798
vt 0.01586 -0.05018
vn 0.2316 0.9457 0.2281
f 1354/1354/452 1355/1355/452 1356/1356/452
v -0.01020 0.20305 -0.17130
v 0.01059 0.19948 -0.17758
v 0.00463 0.19590 -0.15670
vt -0.00357 -0.05996
vt 0.00371 -0.06215
vt 0.00162 -0.05485
vn -0.2316 -0.9457 -0.2281
f 1357/1357/453 1358/1358/453 1359/1359/453
v -0.01020 0.20305 -0.17130
v 0.00463 0.19590 -0.15670
v 0.02454 0.34491 -0.13709
vt -0.00357 0.07107
vt 0.00162 0.06857
vt 0.00859 0.12072
vn -0.7018 0.0000 0.7124
f 1360/1360/454 1361/1361/454 1362/1362/454
v 0.02454 0.34491 -0.13709
v 0.00463 0.19590 -0.15670
v 0.03936 0.33776 -0.12249
vt 0.00859 0.12072
vt 0.00162 0.06857
vt 0.01378 0.11822
vn -0.7018 0.0000 0.7124
f 1363/1363/455 1364/1364/455 1365/1365/455
v 0.02454 0.34491 -0.13709
v 0.03936 0.33776 -0.12249
v 0.04532 0.34133 -0.14336
vt 0.00859 -0.04798
vt 0.01378 -0.04287
vt 0.01586 -0.05018
vn 0.2316 0.9457 0.2281
f 1366/1366/456 1367/1367/456 1368/1368/456
v 0.00463 0.19590 -0.15670
v 0.01059 0.19948 -0.17758
v 0.02541 0.19233 -0.16298
vt 0.00162 -0.05485
vt 0.00371 -0.06215
vt 0.00889 -0.05704
vn -0.2316 -0.9457 -0.2281
f 1369/1369/457 1370/1370/457 1371/1371/457
v 0.00463 0.19590 -0.15670
v 0.02541 0.19233 -0.16298
v 0.03936 0.33776 -0.12249
vt 0.00162 0.06857
vt 0.00889 0.06731
vt 0.01378 0.11822
vn 0.2326 -0.2815 0.9310
f 1372/1372/458 1373/1373/458 1374/1374/458
v 0.03936 0.33776 -0.12249
v 0.02541 0.19233 -0.16298
v 0.06014 0.33418 -0.12876
vt 0.01378 0.11822
vt 0.00889 0.06731
vt 0.02105 0.11696
vn 0.2326 -0.2815 0.9310
f 1375/1375/459 1376/1376/459 1377/1377/459
v 0.03936 0.33776 -0.12249
v 0.06014 0.33418 -0.12876
v 0.04532 0.34133 -0.14336
vt 0.01378 -0.04287
vt 0.02105 -0.04507
vt 0.01586 -0.05018
vn 0.2316 0.9457 0.2281
f 1378/1378/460 1379/1379/460 1380/1380/460
v 0.02541 0.19233 -0.16298
v 0.01059 0.19948 -0.17758
v 0.03137 0.19590 -0.18385
vt 0.00889 -0.05704
vt 0.00371 -0.06215
vt 0.01098 -0.06435
vn -0.2316 -0.9457 -0.2281
f 1381/1381/461 1382/1382/461 1383/1383/461
v 0.02541 0.19233 -0.16298
v 0.03137 0.19590 -0.18385
v 0.06014 0.33418 -0.12876
vt -0.05704 0.06731
vt -0.06435 0.06857
vt -0.04507 0.11696
vn 0.9343 -0.2815 0.2185
f 1384/1384/462 1385/1385/462 1386/1386/462
v 0.06014 0.33418 -0.12876
v 0.03137 0.19590 -0.18385
v 0.06610 0.33776 -0.14963
vt -0.04507 0.11696
vt -0.06435 0.06857
vt -0.05237 0.11822
vn 0.9343 -0.2815 0.2185
f 1387/1387/463 1388/1388/463 1389/1389/463
v 0.06014 0.33418 -0.12876
v 0.06610 0.33776 -0.14963
v 0.04532 0.34133 -0.14336
vt 0.02105 -0.04507
vt 0.02314 -0.05237
vt 0.01586 -0.05018
vn 0.2316 0.9457 0.2281
f 1390/1390/464 1391/1391/464 1392/1392/464
v 0.03137 0.19590 -0.18385
v 0.01059 0.19948 -0.17758
v 0.01655 0.20305 -0.19845
vt 0.01098 -0.06435
vt 0.00371 -0.06215
vt 0.00579 -0.06946
vn -0.2316 -0.9457 -0.2281
f 1393/1393/465 1394/1394/465 1395/1395/465
v 0.03137 0.19590 -0.18385
v 0.01655 0.20305 -0.19845
v 0.06610 0.33776 -0.14963
vt 0.01098 0.06857
vt 0.00579 0.07107
vt 0.02314 0.11822
vn 0.7018 0.0000 -0.7124
f 1396/1396/466 1397/1397/466 1398/1398/466
v 0.06610 0.33776 -0.14963
v 0.01655 0.20305 -0.19845
v 0.05128 0.34491 -0.16423
vt 0.02314 0.11822
vt 0.00579 0.07107
vt 0.01795 0.12072
vn 0.7018 0.0000 -0.7124
f 1399/1399/467 1400/1400/467 1401/1401/467
v 0.06610 0.33776 -0.14963
v 0.05128 0.34491 -0.16423
v 0.04532 0.34133 -0.14336
vt 0.02314 -0.05237
vt 0.01795 -0.05748
vt 0.01586 -0.05018
vn 0.2316 0.9457 0.2281
f 1402/1402/468 1403/1403/468 1404/1404/468
v 0.01655 0.20305 -0.19845
v 0.01059 0.19948 -0.17758
v -0.00424 0.20663 -0.19218
vt 0.00579 -0.06946
vt 0.00371 -0.06215
vt -0.00148 -0.06726
vn -0.2316 -0.9457 -0.2281
f 1405/1405/469 1406/1406/469 1407/1407/469
v 0.01655 0.20305 -0.19845
v -0.00424 0.20663 -0.19218
v 0.05128 0.34491 -0.16423
vt 0.00579 0.07107
vt -0.00148 0.07232
vt 0.01795 0.12072
vn -0.2326 0.2815 -0.9310
f 1408/1408/470 1409/1409/470 1410/1410/470
v 0.05128 0.34491 -0.16423
v -0.00424 0.20663 -0.19218
v 0.03050 0.34848 -0.15796
vt 0.01795 0.12072
vt -0.00148 0.07232
vt 0.01067 0.12197
vn -0.2326 0.2815 -0.9310
f 1411/1411/471 1412/1412/471 1413/1413/471
v 0.05128 0.34491 -0.16423
v 0.03050 0.34848 -0.15796
v 0.04532 0.34133 -0.14336
vt 0.01795 -0.05748
vt 0.01067 -0.05529
vt 0.01586 -0.05018
vn 0.2316 0.9457 0.2281
f 1414/1414/472 1415/1415/472 1416/1416/472
v 0.70401 0.12361 -0.16759
v 0.70297 0.10172 -0.16950
v 0.68675 0.11267 -0.15946
vt 0.24640 0.04326
vt 0.24604 0.03560
vt 0.24036 0.03943
vn -0.4747 0.0990 -0.8745
f 1417/1417/473 1418/1418/473 1419/1419/473
v 0.70401 0.12361 -0.16759
v 0.68675 0.11267 -0.15946
v 0.99199 0.06354 0.36292
vt 0.24640 -0.05866
vt 0.24036 -0.05581
vt 0.34720 0.12702
vn -0.3985 0.8618 0.3139
f 1420/1420/474 1421/1421/474 1422/1422/474
v 0.99199 0.06354 0.36292
v 0.68675 0.11267 -0.15946
v 0.97472 0.05259 0.37105
vt 0.34720 0.12702
vt 0.24036 -0.05581
vt 0.34115 0.12987
vn -0.3985 0.8618 0.3139
f 1423/1423/475 1424/1424/475 1425/1425/475
v 0.99199 0.06354 0.36292
v 0.97472 0.05259 0.37105
v 0.99095 0.04165 0.36101
vt 0.34720 0.02224
vt 0.34115 0.01841
vt 0.34683 0.01458
vn 0.4747 -0.0990 0.8745
f 1426/1426/476 1427/1427/476 1428/1428/476
v 0.68675 0.11267 -0.15946
v 0.70297 0.10172 -0.16950
v 0.68571 0.09077 -0.16137
vt 0.24036 0.03943
vt 0.24604 0.03560
vt 0.24000 0.03177
vn -0.4747 0.0990 -0.8745
f 1429/1429/477 1430/1430/477 1431/1431/477
v 0.68675 0.11267 -0.15946
v 0.68571 0.09077 -0.16137
v 0.97472 0.05259 0.37105
vt -0.05581 0.03943
vt -0.05648 0.03177
vt 0.12987 0.01841
vn -0.8789 0.0000 0.4771
f 1432/1432/478 1433/1433/478 1434/1434/478
v 0.97472 0.05259 0.37105
v 0.68571 0.09077 -0.16137
v 0.97368 0.03070 0.36914
vt 0.12987 0.01841
vt -0.05648 0.03177
vt 0.12920 0.01075
vn -0.8789 0.0000 0.4771
f 1435/1435/479 1436/1436/479 1437/1437/479
v 0.97472 0.05259 0.37105
v 0.97368 0.03070 0.36914
v 0.99095 0.04165 0.36101
vt 0.34115 0.01841
vt 0.34079 0.01075
vt 0.34683 0.01458
vn 0.4747 -0.0990 0.8745
f 1438/1438/480 1439/1439/480 1440/1440/480
v 0.68571 0.09077 -0.16137
v 0.70297 0.10172 -0.16950
v 0.70193 0.07983 -0.17142
vt 0.24000 0.03177
vt 0.24604 0.03560
vt 0.24568 0.02794
vn -0.4747 0.0990 -0.8745
f 1441/1441/481 1442/1442/481 1443/1443/481
v 0.68571 0.09077 -0.16137
v 0.70193 0.07983 -0.17142
v 0.97368 0.03070 0.36914
vt 0.24000 -0.05648
vt 0.24568 -0.06000
vt 0.34079 0.12920
vn -0.4803 -0.8618 0.1632
f 1444/1444/482 1445/1445/482 1446/1446/482
v 0.97368 0.03070 0.36914
v 0.70193 0.07983 -0.17142
v 0.98991 0.01976 0.35909
vt 0.34079 0.12920
vt 0.24568 -0.06000
vt 0.34647 0.12568
vn -0.4803 -0.8618 0.1632
f 1447/1447/483 1448/1448/483 1449/1449/483
v 0.97368 0.03070 0.36914
v 0.98991 0.01976 0.35909
v 0.99095 0.04165 0.36101
vt 0.34079 0.01075
vt 0.34647 0.00691
vt 0.34683 0.01458
vn 0.4747 -0.0990 0.8745
f 1450/1450/484 1451/1451/484 1452/1452/484
v 0.70193 0.07983 -0.17142
v 0.70297 0.10172 -0.16950
v 0.71920 0.09077 -0.17955
vt 0.24568 0.02794
vt 0.24604 0.03560
vt 0.25172 0.03177
vn -0.4747 0.0990 -0.8745
f 1453/1453/485 1454/1454/485 1455/1455/485
v 0.70193 0.07983 -0.17142
v 0.71920 0.09077 -0.17955
v 0.98991 0.01976 0.35909
vt 0.24568 -0.06000
vt 0.25172 -0.06284
vt 0.34647 0.12568
vn 0.3985 -0.8618 -0.3139
f 1456/1456/486 1457/1457/486 1458/1458/486
v 0.98991 0.01976 0.35909
v 0.71920 0.09077 -0.17955
v 1.00717 0.03070 0.35096
vt 0.34647 0.12568
vt 0.25172 -0.06284
vt 0.35251 0.12284
vn 0.3985 -0.8618 -0.3139
f 1459/1459/487 1460/1460/487 1461/1461/487
v 0.98991 0.01976 0.35909
v 1.00717 0.03070 0.35096
v 0.99095 0.04165 0.36101
vt 0.34647 0.00691
vt 0.35251 0.01075
vt 0.34683 0.01458
vn 0.4747 -0.0990 0.8745
f 1462/1462/488 1463/1463/488 1464/1464/488
v 0.71920 0.09077 -0.17955
v 0.70297 0.10172 -0.16950
v 0.72024 0.11267 -0.17763
vt 0.25172 0.03177
vt 0.24604 0.03560
vt 0.25208 0.03943
vn -0.4747 0.0990 -0.8745
f 1465/1465/489 1466/1466/489 1467/1467/489
v 0.71920 0.09077 -0.17955
v 0.72024 0.11267 -0.17763
v 1.00717 0.03070 0.35096
vt -0.06284 0.03177
vt -0.06217 0.03943
vt 0.12284 0.01075
vn 0.8789 0.0000 -0.4771
f 1468/1468/490 1469/1469/490 1470/1470/490
v 1.00717 0.03070 0.35096
v 0.72024 0.11267 -0.17763
v 1.00821 0.05259 0.35287
vt 0.12284 0.01075
vt -0.06217 0.03943
vt 0.12351 0.01841
vn 0.8789 0.0000 -0.4771
f 1471/1471/491 1472/1472/491 1473/1473/491
v 1.00717 0.03070 0.35096
v 1.00821 0.05259 0.35287
v 0.99095 0.04165 0.36101
vt 0.35251 0.01075
vt 0.35287 0.01841
vt 0.34683 0.01458
vn 0.4747 -0.0990 0.8745
f 1474/1474/492 1475/1475/492 1476/1476/492
v 0.72024 0.11267 -0.17763
v 0.70297 0.10172 -0.16950
v 0.70401 0.12361 -0.16759
vt 0.25208 0.03943
vt 0.24604 0.03560
vt 0.24640 0.04326
vn -0.4747 0.0990 -0.8745
f 1477/1477/493 1478/1478/493 1479/1479/493
v 0.72024 0.11267 -0.17763
v 0.70401 0.12361 -0.16759
v 1.00821 0.05259 0.35287
vt 0.25208 -0.06217
vt 0.24640 -0.05866
vt 0.35287 0.12351
vn 0.4803 0.8618 -0.1632
f 1480/1480/494 1481/1481/494 1482/1482/494
v 1.00821 0.05259 0.35287
v 0.70401 0.12361 -0.16759
v 0.99199 0.06354 0.36292
vt 0.35287 0.12351
vt 0.24640 -0.05866
vt 0.34720 0.12702
vn 0.4803 0.8618 -0.1632
f 1483/1483/495 1484/1484/495 1485/1485/495
v 1.00821 0.05259 0.35287
v 0.99199 0.06354 0.36292
v 0.99095 0.04165 0.36101
vt 0.35287 0.01841
vt 0.34720 0.02224
vt 0.34683 0.01458
vn 0.4747 -0.0990 0.8745
f 1486/1486/496 1487/1487/496 1488/1488/496
v 0.99394 0.02464 0.36651
v 1.00394 0.01797 0.38493
v 0.98219 0.02130 0.38481
vt 0.34788 0.12828
vt 0.35138 0.13473
vt 0.34377 0.13468
vn -0.1447 -0.9529 -0.2666
f 1489/1489/497 1490/1490/497 1491/1491/497
v 0.99394 0.02464 0.36651
v 0.98219 0.02130 0.38481
v 1.01564 0.16757 0.40650
vt 0.12828 0.00862
vt 0.13468 0.00746
vt 0.14228 0.05865
vn -0.8331 0.2627 -0.4867
f 1492/1492/498 1493/1493/498 1494/1494/498
v 1.01564 0.16757 0.40650
v 0.98219 0.02130 0.38481
v 1.00390 0.16424 0.42480
vt 0.14228 0.05865
vt 0.13468 0.00746
vt 0.14868 0.05748
vn -0.8331 0.2627 -0.4867
f 1495/1495/499 1496/1496/499 1497/1497/499
v 1.01564 0.16757 0.40650
v 1.00390 0.16424 0.42480
v 1.02564 0.16090 0.42492
vt 0.35548 0.14228
vt 0.35136 0.14868
vt 0.35898 0.14872
vn 0.1447 0.9529 0.2666
f 1498/1498/500 1499/1499/500 1500/1500/500
v 0.98219 0.02130 0.38481
v 1.00394 0.01797 0.38493
v 0.99219 0.01463 0.40324
vt 0.34377 0.13468
vt 0.35138 0.13473
vt 0.34727 0.14113
vn -0.1447 -0.9529 -0.2666
f 1501/1501/501 1502/1502/501 1503/1503/501
v 0.98219 0.02130 0.38481
v 0.99219 0.01463 0.40324
v 1.00390 0.16424 0.42480
vt 0.13468 0.00746
vt 0.14113 0.00512
vt 0.14868 0.05748
vn -0.8789 -0.0000 0.4771
f 1504/1504/502 1505/1505/502 1506/1506/502
v 1.00390 0.16424 0.42480
v 0.99219 0.01463 0.40324
v 1.01390 0.15756 0.44323
vt 0.14868 0.05748
vt 0.14113 0.00512
vt 0.15513 0.05515
vn -0.8789 -0.0000 0.4771
f 1507/1507/503 1508/1508/503 1509/1509/503
v 1.00390 0.16424 0.42480
v 1.01390 0.15756 0.44323
v 1.02564 0.16090 0.42492
vt 0.35136 0.14868
vt 0.35487 0.15513
vt 0.35898 0.14872
vn 0.1447 0.9529 0.2666
f 1510/1510/504 1511/1511/504 1512/1512/504
v 0.99219 0.01463 0.40324
v 1.00394 0.01797 0.38493
v 1.01394 0.01129 0.40336
vt 0.34727 0.14113
vt 0.35138 0.13473
vt 0.35488 0.14118
vn -0.1447 -0.9529 -0.2666
f 1513/1513/505 1514/1514/505 1515/1515/505
v 0.99219 0.01463 0.40324
v 1.01394 0.01129 0.40336
v 1.01390 0.15756 0.44323
vt 0.34727 0.00512
vt 0.35488 0.00395
vt 0.35487 0.05515
vn -0.0457 -0.2627 0.9638
f 1516/1516/506 1517/1517/506 1518/1518/506
v 1.01390 0.15756 0.44323
v 1.01394 0.01129 0.40336
v 1.03565 0.15423 0.44335
vt 0.35487 0.05515
vt 0.35488 0.00395
vt 0.36248 0.05398
vn -0.0457 -0.2627 0.9638
f 1519/1519/507 1520/1520/507 1521/1521/507
v 1.01390 0.15756 0.44323
v 1.03565 0.15423 0.44335
v 1.02564 0.16090 0.42492
vt 0.35487 0.15513
vt 0.36248 0.15517
vt 0.35898 0.14872
vn 0.1447 0.9529 0.2666
f 1522/1522/508 1523/1523/508 1524/1524/508
v 1.01394 0.01129 0.40336
v 1.00394 0.01797 0.38493
v 1.02568 0.01463 0.38506
vt 0.35488 0.14118
vt 0.35138 0.13473
vt 0.35899 0.13477
vn -0.1447 -0.9529 -0.2666
f 1525/1525/509 1526/1526/509 1527/1527/509
v 1.01394 0.01129 0.40336
v 1.02568 0.01463 0.38506
v 1.03565 0.15423 0.44335
vt 0.14118 0.00395
vt 0.13477 0.00512
vt 0.15517 0.05398
vn 0.8331 -0.2627 0.4867
f 1528/1528/510 1529/1529/510 1530/1530/510
v 1.03565 0.15423 0.44335
v 1.02568 0.01463 0.38506
v 1.04739 0.15756 0.42505
vt 0.15517 0.05398
vt 0.13477 0.00512
vt 0.14877 0.05515
vn 0.8331 -0.2627 0.4867
f 1531/1531/511 1532/1532/511 1533/1533/511
v 1.03565 0.15423 0.44335
v 1.04739 0.15756 0.42505
v 1.02564 0.16090 0.42492
vt 0.36248 0.15517
vt 0.36659 0.14877
vt 0.35898 0.14872
vn 0.1447 0.9529 0.2666
f 1534/1534/512 1535/1535/512 1536/1536/512
v 1.02568 0.01463 0.38506
v 1.00394 0.01797 0.38493
v 1.01568 0.02130 0.36663
vt 0.35899 0.13477
vt 0.35138 0.13473
vt 0.35549 0.12832
vn -0.1447 -0.9529 -0.2666
f 1537/1537/513 1538/1538/513 1539/1539/513
v 1.02568 0.01463 0.38506
v 1.01568 0.02130 0.36663
v 1.04739 0.15756 0.42505
vt 0.13477 0.00512
vt 0.12832 0.00746
vt 0.14877 0.05515
vn 0.8789 0.0000 -0.4771
f 1540/1540/514 1541/1541/514 1542/1542/514
v 1.04739 0.15756 0.42505
v 1.01568 0.02130 0.36663
v 1.03739 0.16424 0.40662
vt 0.14877 0.05515
vt 0.12832 0.00746
vt 0.14232 0.05748
vn 0.8789 0.0000 -0.4771
f 1543/1543/515 1544/1544/515 1545/1545/515
v 1.04739 0.15756 0.42505
v 1.03739 0.16424 0.40662
v 1.02564 0.16090 0.42492
vt 0.36659 0.14877
vt 0.36309 0.14232
vt 0.35898 0.14872
vn 0.1447 0.9529 0.2666
f 1546/1546/516 1547/1547/516 1548/1548/516
v 1.01568 0.02130 0.36663
v 1.00394 0.01797 0.38493
v 0.99394 0.02464 0.36651
vt 0.35549 0.12832
vt 0.35138 0.13473
vt 0.34788 0.12828
vn -0.1447 -0.9529 -0.2666
f 1549/1549/517 1550/1550/517 1551/1551/517
v 1.01568 0.02130 0.36663
v 0.99394 0.02464 0.36651
v 1.03739 0.16424 0.40662
vt 0.35549 0.00746
vt 0.34788 0.00862
vt 0.36309 0.05748
vn 0.0457 0.2627 -0.9638
f 1552/1552/518 1553/1553/518 1554/1554/518
v 1.03739 0.16424 0.40662
v 0.99394 0.02464 0.36651
v 1.01564 0.16757 0.40650
vt 0.36309 0.05748
vt 0.34788 0.00862
vt 0.35548 0.05865
vn 0.0457 0.2627 -0.9638
f 1555/1555/519 1556/1556/519 1557/1557/519
v 1.03739 0.16424 0.40662
v 1.01564 0.16757 0.40650
v 1.02564 0.16090 0.42492
vt 0.36309 0.14232
vt 0.35548 0.14228
vt 0.35898 0.14872
vn 0.1447 0.9529 0.2666
f 1558/1558/520 1559/1559/520 1560/1560/520
v -0.28043 0.12324 0.18030
v -0.28039 0.10172 0.18489
v -0.29947 0.11248 0.18277
vt -0.09815 0.04313
vt -0.09814 0.03560
vt -0.10481 0.03937
vn -0.0090 -0.2085 -0.9780
f 1561/1561/521 1562/1562/521 1563/1563/521
v -0.28043 0.12324 0.18030
v -0.29947 0.11248 0.18277
v -0.27342 0.28583 0.94279
vt -0.09815 0.06311
vt -0.10481 0.06397
vt -0.09570 0.32998
vn -0.5016 0.8470 -0.1760
f 1564/1564/522 1565/1565/522 1566/1566/522
v -0.27342 0.28583 0.94279
v -0.29947 0.11248 0.18277
v -0.29245 0.27507 0.94526
vt -0.09570 0.32998
vt -0.10481 0.06397
vt -0.10236 0.33084
vn -0.5016 0.8470 -0.1760
f 1567/1567/523 1568/1568/523 1569/1569/523
v -0.27342 0.28583 0.94279
v -0.29245 0.27507 0.94526
v -0.27338 0.26432 0.94738
vt -0.09570 0.10004
vt -0.10236 0.09628
vt -0.09568 0.09251
vn 0.0090 0.2085 0.9780
f 1570/1570/524 1571/1571/524 1572/1572/524
v -0.29947 0.11248 0.18277
v -0.28039 0.10172 0.18489
v -0.29942 0.09096 0.18736
vt -0.10481 0.03937
vt -0.09814 0.03560
vt -0.10480 0.03184
vn -0.0090 -0.2085 -0.9780
f 1573/1573/525 1574/1574/525 1575/1575/525
v -0.29947 0.11248 0.18277
v -0.29942 0.09096 0.18736
v -0.29245 0.27507 0.94526
vt 0.06397 0.03937
vt 0.06558 0.03184
vt 0.33084 0.09628
vn -1.0000 0.0000 0.0092
f 1576/1576/526 1577/1577/526 1578/1578/526
v -0.29245 0.27507 0.94526
v -0.29942 0.09096 0.18736
v -0.29241 0.25356 0.94985
vt 0.33084 0.09628
vt 0.06558 0.03184
vt 0.33245 0.08875
vn -1.0000 0.0000 0.0092
f 1579/1579/527 1580/1580/527 1581/1581/527
v -0.29245 0.27507 0.94526
v -0.29241 0.25356 0.94985
v -0.27338 0.26432 0.94738
vt -0.10236 0.09628
vt -0.10234 0.08875
vt -0.09568 0.09251
vn 0.0090 0.2085 0.9780
f 1582/1582/528 1583/1583/528 1584/1584/528
v -0.29942 0.09096 0.18736
v -0.28039 0.10172 0.18489
v -0.28035 0.08020 0.18948
vt -0.10480 0.03184
vt -0.09814 0.03560
vt -0.09812 0.02807
vn -0.0090 -0.2085 -0.9780
f 1585/1585/529 1586/1586/529 1587/1587/529
v -0.29942 0.09096 0.18736
v -0.28035 0.08020 0.18948
v -0.29241 0.25356 0.94985
vt -0.10480 0.06558
vt -0.09812 0.06632
vt -0.10234 0.33245
vn -0.4983 -0.8470 0.1852
f 1588/1588/530 1589/1589/530 1590/1590/530
v -0.29241 0.25356 0.94985
v -0.28035 0.08020 0.18948
v -0.27334 0.24280 0.95197
vt -0.10234 0.33245
vt -0.09812 0.06632
vt -0.09567 0.33319
vn -0.4983 -0.8470 0.1852
f 1591/1591/531 1592/1592/531 1593/1593/531
v -0.29241 0.25356 0.94985
v -0.27334 0.24280 0.95197
v -0.27338 0.26432 0.94738
vt -0.10234 0.08875
vt -0.09567 0.08498
vt -0.09568 0.09251
vn 0.0090 0.2085 0.9780
f 1594/1594/532 1595/1595/532 1596/1596/532
v -0.28035 0.08020 0.18948
v -0.28039 0.10172 0.18489
v -0.26132 0.09096 0.18701
vt -0.09812 0.02807
vt -0.09814 0.03560
vt -0.09146 0.03184
vn -0.0090 -0.2085 -0.9780
f 1597/1597/533 1598/1598/533 1599/1599/533
v -0.28035 0.08020 0.18948
v -0.26132 0.09096 0.18701
v -0.27334 0.24280 0.95197
vt -0.09812 0.06632
vt -0.09146 0.06545
vt -0.09567 0.33319
vn 0.5016 -0.8470 0.1760
f 1600/1600/534 1601/1601/534 1602/1602/534
v -0.27334 0.24280 0.95197
v -0.26132 0.09096 0.18701
v -0.25431 0.25356 0.94950
vt -0.09567 0.33319
vt -0.09146 0.06545
vt -0.08901 0.33232
vn 0.5016 -0.8470 0.1760
f 1603/1603/535 1604/1604/535 1605/1605/535
v -0.27334 0.24280 0.95197
v -0.25431 0.25356 0.94950
v -0.27338 0.26432 0.94738
vt -0.09567 0.08498
vt -0.08901 0.08875
vt -0.09568 0.09251
vn 0.0090 0.2085 0.9780
f 1606/1606/536 1607/1607/536 1608/1608/536
v -0.26132 0.09096 0.18701
v -0.28039 0.10172 0.18489
v -0.26136 0.11248 0.18242
vt -0.09146 0.03184
vt -0.09814 0.03560
vt -0.09148 0.03937
vn -0.0090 -0.2085 -0.9780
f 1609/1609/537 1610/1610/537 1611/1611/537
v -0.26132 0.09096 0.18701
v -0.26136 0.11248 0.18242
v -0.25431 0.25356 0.94950
vt 0.06545 0.03184
vt 0.06385 0.03937
vt 0.33232 0.08875
vn 1.0000 -0.0000 -0.0092
f 1612/1612/538 1613/1613/538 1614/1614/538
v -0.25431 0.25356 0.94950
v -0.26136 0.11248 0.18242
v -0.25435 0.27507 0.94491
vt 0.33232 0.08875
vt 0.06385 0.03937
vt 0.33072 0.09628
vn 1.0000 -0.0000 -0.0092
f 1615/1615/539 1616/1616/539 1617/1617/539
v -0.25431 0.25356 0.94950
v -0.25435 0.27507 0.94491
v -0.27338 0.26432 0.94738
vt -0.08901 0.08875
vt -0.08902 0.09628
vt -0.09568 0.09251
vn 0.0090 0.2085 0.9780
f 1618/1618/540 1619/1619/540 1620/1620/540
v -0.26136 0.11248 0.18242
v -0.28039 0.10172 0.18489
v -0.28043 0.12324 0.18030
vt -0.09148 0.03937
vt -0.09814 0.03560
vt -0.09815 0.04313
vn -0.0090 -0.2085 -0.9780
f 1621/1621/541 1622/1622/541 1623/1623/541
v -0.26136 0.11248 0.18242
v -0.28043 0.12324 0.18030
v -0.25435 0.27507 0.94491
vt -0.09148 0.06385
vt -0.09815 0.06311
vt -0.08902 0.33072
vn 0.4983 0.8470 -0.1852
f 1624/1624/542 1625/1625/542 1626/1626/542
v -0.25435 0.27507 0.94491
v -0.28043 0.12324 0.18030
v -0.27342 0.28583 0.94279
vt -0.08902 0.33072
vt -0.09815 0.06311
vt -0.09570 0.32998
vn 0.4983 0.8470 -0.1852
f 1627/1627/543 1628/1628/543 1629/1629/543
v -0.25435 0.27507 0.94491
v -0.27342 0.28583 0.94279
v -0.27338 0.26432 0.94738
vt -0.08902 0.09628
vt -0.09570 0.10004
vt -0.09568 0.09251
vn 0.0090 0.2085 0.9780
f 1630/1630/544 1631/1631/544 1632/1632/544
v -0.27349 0.26067 0.93611
v -0.27329 0.25380 0.95701
v -0.29244 0.25724 0.94674
vt -0.09572 0.32764
vt -0.09565 0.33495
vt -0.10235 0.33136
vn -0.0029 -0.9500 -0.3124
f 1633/1633/545 1634/1634/545 1635/1635/545
v -0.27349 0.26067 0.93611
v -0.29244 0.25724 0.94674
v -0.27305 0.40317 0.98297
vt -0.09572 0.09123
vt -0.10235 0.09003
vt -0.09557 0.14111
vn -0.5075 0.2705 -0.8181
f 1636/1636/546 1637/1637/546 1638/1638/546
v -0.27305 0.40317 0.98297
v -0.29244 0.25724 0.94674
v -0.29201 0.39973 0.99359
vt -0.09557 0.14111
vt -0.10235 0.09003
vt -0.10220 0.13991
vn -0.5075 0.2705 -0.8181
f 1639/1639/547 1640/1640/547 1641/1641/547
v -0.27305 0.40317 0.98297
v -0.29201 0.39973 0.99359
v -0.27286 0.39629 1.00387
vt -0.09557 0.34404
vt -0.10220 0.34776
vt -0.09550 0.35135
vn 0.0029 0.9500 0.3124
f 1642/1642/548 1643/1643/548 1644/1644/548
v -0.29244 0.25724 0.94674
v -0.27329 0.25380 0.95701
v -0.29225 0.25036 0.96763
vt -0.10235 0.33136
vt -0.09565 0.33495
vt -0.10229 0.33867
vn -0.0029 -0.9500 -0.3124
f 1645/1645/549 1646/1646/549 1647/1647/549
v -0.29244 0.25724 0.94674
v -0.29225 0.25036 0.96763
v -0.29201 0.39973 0.99359
vt 0.33136 0.09003
vt 0.33867 0.08763
vt 0.34776 0.13991
vn -1.0000 0.0000 0.0092
f 1648/1648/550 1649/1649/550 1650/1650/550
v -0.29201 0.39973 0.99359
v -0.29225 0.25036 0.96763
v -0.29182 0.39286 1.01449
vt 0.34776 0.13991
vt 0.33867 0.08763
vt 0.35507 0.13750
vn -1.0000 0.0000 0.0092
f 1651/1651/551 1652/1652/551 1653/1653/551
v -0.29201 0.39973 0.99359
v -0.29182 0.39286 1.01449
v -0.27286 0.39629 1.00387
vt -0.10220 0.34776
vt -0.10214 0.35507
vt -0.09550 0.35135
vn 0.0029 0.9500 0.3124
f 1654/1654/552 1655/1655/552 1656/1656/552
v -0.29225 0.25036 0.96763
v -0.27329 0.25380 0.95701
v -0.27310 0.24693 0.97791
vt -0.10229 0.33867
vt -0.09565 0.33495
vt -0.09559 0.34227
vn -0.0029 -0.9500 -0.3124
f 1657/1657/553 1658/1658/553 1659/1659/553
v -0.29225 0.25036 0.96763
v -0.27310 0.24693 0.97791
v -0.29182 0.39286 1.01449
vt -0.10229 0.08763
vt -0.09559 0.08642
vt -0.10214 0.13750
vn -0.4924 -0.2705 0.8272
f 1660/1660/554 1661/1661/554 1662/1662/554
v -0.29182 0.39286 1.01449
v -0.27310 0.24693 0.97791
v -0.27267 0.38942 1.02476
vt -0.10214 0.13750
vt -0.09559 0.08642
vt -0.09543 0.13630
vn -0.4924 -0.2705 0.8272
f 1663/1663/555 1664/1664/555 1665/1665/555
v -0.29182 0.39286 1.01449
v -0.27267 0.38942 1.02476
v -0.27286 0.39629 1.00387
vt -0.10214 0.35507
vt -0.09543 0.35867
vt -0.09550 0.35135
vn 0.0029 0.9500 0.3124
f 1666/1666/556 1667/1667/556 1668/1668/556
v -0.27310 0.24693 0.97791
v -0.27329 0.25380 0.95701
v -0.25415 0.25036 0.96728
vt -0.09559 0.34227
vt -0.09565 0.33495
vt -0.08895 0.33855
vn -0.0029 -0.9500 -0.3124
f 1669/1669/557 1670/1670/557 1671/1671/557
v -0.27310 0.24693 0.97791
v -0.25415 0.25036 0.96728
v -0.27267 0.38942 1.02476
vt -0.09559 0.08642
vt -0.08895 0.08763
vt -0.09543 0.13630
vn 0.5075 -0.2705 0.8181
f 1672/1672/558 1673/1673/558 1674/1674/558
v -0.27267 0.38942 1.02476
v -0.25415 0.25036 0.96728
v -0.25371 0.39286 1.01414
vt -0.09543 0.13630
vt -0.08895 0.08763
vt -0.08880 0.13750
vn 0.5075 -0.2705 0.8181
f 1675/1675/559 1676/1676/559 1677/1677/559
v -0.27267 0.38942 1.02476
v -0.25371 0.39286 1.01414
v -0.27286 0.39629 1.00387
vt -0.09543 0.35867
vt -0.08880 0.35495
vt -0.09550 0.35135
vn 0.0029 0.9500 0.3124
f 1678/1678/560 1679/1679/560 1680/1680/560
v -0.25415 0.25036 0.96728
v -0.27329 0.25380 0.95701
v -0.25434 0.25724 0.94639
vt -0.08895 0.33855
vt -0.09565 0.33495
vt -0.08902 0.33124
vn -0.0029 -0.9500 -0.3124
f 1681/1681/561 1682/1682/561 1683/1683/561
v -0.25415 0.25036 0.96728
v -0.25434 0.25724 0.94639
v -0.25371 0.39286 1.01414
vt 0.33855 0.08763
vt 0.33124 0.09003
vt 0.35495 0.13750
vn 1.0000 -0.0000 -0.0092
f 1684/1684/562 1685/1685/562 1686/1686/562
v -0.25371 0.39286 1.01414
v -0.25434 0.25724 0.94639
v -0.25391 0.39973 0.99324
vt 0.35495 0.13750
vt 0.33124 0.09003
vt 0.34763 0.13991
vn 1.0000 -0.0000 -0.0092
f 1687/1687/563 1688/1688/563 1689/1689/563
v -0.25371 0.39286 1.01414
v -0.25391 0.39973 0.99324
v -0.27286 0.39629 1.00387
vt -0.08880 0.35495
vt -0.08887 0.34763
vt -0.09550 0.35135
vn 0.0029 0.9500 0.3124
f 1690/1690/564 1691/1691/564 1692/1692/564
v -0.25434 0.25724 0.94639
v -0.27329 0.25380 0.95701
v -0.27349 0.26067 0.93611
vt -0.08902 0.33124
vt -0.09565 0.33495
vt -0.09572 0.32764
vn -0.0029 -0.9500 -0.3124
f 1693/1693/565 1694/1694/565 1695/1695/565
v -0.25434 0.25724 0.94639
v -0.27349 0.26067 0.93611
v -0.25391 0.39973 0.99324
vt -0.08902 0.09003
vt -0.09572 0.09123
vt -0.08887 0.13991
vn 0.4924 0.2705 -0.8272
f 1696/1696/566 1697/1697/566 1698/1698/566
v -0.25391 0.39973 0.99324
v -0.27349 0.26067 0.93611
v -0.27305 0.40317 0.98297
vt -0.08887 0.13991
vt -0.09572 0.09123
vt -0.09557 0.14111
vn 0.4924 0.2705 -0.8272
f 1699/1699/567 1700/1700/567 1701/1701/567
v -0.25391 0.39973 0.99324
v -0.27305 0.40317 0.98297
v -0.27286 0.39629 1.00387
vt -0.08887 0.34763
vt -0.09557 0.34404
vt -0.09550 0.35135
vn 0.0029 0.9500 0.3124
f 1702/1702/568 1703/1703/568 1704/1704/568